video_id,ai_score,channel_name,created_at,human_score,published_at,script_analysis,storage_path,thumbnail_url,title,updated_at,view_count
Q76yCXXI660,,트렌드바구니,,,2026-02-18T08:48:20Z,"{""summary"": ""의학적 효능 과장(세균 박멸) 및 연예인 사칭 의혹이 있는 미검증 광고로 판단되어 위험 등급입니다."", ""patent_check"": null, ""consultation"": ""유명 연예인의 딥페이크나 사칭을 이용한 가짜 광고일 가능성이 높습니다. '세균 제거' 등 의학적 표현에 현혹되지 마시고, 식약처 인증 여부를 반드시 확인하십시오."", ""reliability_level"": ""위험"", ""evidence"": [{""url"": null, ""source"": ""식약처 광고 가이드라인"", ""fact"": ""화장품 광고에서 '세균 제거', '염증 치료', '흉터 방지' 등 의학적 효능을 표현하는 것은 약사법 위반 소지가 큼.""}, {""url"": ""http://www.kipris.or.kr"", ""source"": ""KIPRIS(특허정보검색시스템)"", ""fact"": ""광고 내 언급된 '마녀 장백' 성분이나 '투나패드'와 관련된 특허나 정식 등록 내역이 확인되지 않음.""}], ""issues"": [""[의학적과장] 세균 박멸 및 흉터 방지 주장"", ""[연예인도용] 유명 아이돌 사칭 마케팅 의심"", ""[성분불분명] '마녀 장백' 등 근거 없는 성분명"", ""[허위보장] 면봉 도포 시 뾰루지 소멸 확언""]}",,https://i.ytimg.com/vi/Q76yCXXI660/hqdefault.jpg,잡티하나없는 여돌 아기피부 루틴,1771555224,305585
MVHFFHY7Kzo,5,밈레터,,95,2026-02-10T12:26:58Z,,D:\Files\Leaning\sprint_backend\Extraction_MVHFFHY7Kzo,https://i.ytimg.com/vi/MVHFFHY7Kzo/hqdefault.jpg,미나수 나이 듣고 소리 지른 성훈,1770790218,583990
f-sQqU9OC00,,Oral-B Korea,,,2026-01-29T01:28:15Z,"{""summary"": ""임상 데이터(일반 칫솔 대비 성능)에 기반한 기술 강조 광고이며, 핵심 주장이 제품의 실제 기능과 일치합니다."", ""patent_check"": null, ""consultation"": ""광고의 '2배' 수치는 일반 수동 칫솔과의 비교 결과입니다. 지능형 압력 센서는 실제 잇몸 보호에 유효한 기술입니다."", ""reliability_level"": ""안전"", ""evidence"": [{""url"": null, ""source"": ""P&G Oral Care Clinical Research"", ""fact"": ""오랄비 iO 시리즈는 임상 시험을 통해 일반 수동 칫솔 대비 플라그 제거력 및 잇몸 건강 개선 효과가 약 2배 이상 높음을 입증했습니다.""}], ""issues"": [""[비교대상] 일반 칫솔 대비 수치임을 미명시"", ""[공포심리] 일반 양치 시 잇몸 손상 위험 강조""]}",,https://i.ytimg.com/vi/f-sQqU9OC00/hqdefault.jpg,"오랄비 iO, 단 2분의 양치로, 최대 2배 더 많은 플라그*를 제거하고 압력 센서로 2배 더* 잘 잇몸을 보호 | 오랄비",1771066389,2297099
qChFN8jQFQ8,,올끌 (All of MBClassic),,,2020-09-15T09:00:14Z,"{""summary"": ""실제 예능 방송(무한도전)의 경기 장면이며, 기만적 상업 광고나 허위 주장이 포함되지 않았습니다."", ""patent_check"": null, ""consultation"": ""특정 제품을 판매하거나 효능을 주장하는 광고가 아닌 예능 콘텐츠이므로 안심하고 시청하셔도 됩니다."", ""reliability_level"": ""안전"", ""evidence"": [{""url"": ""https://m.imbc.com/program/1000740100000100000"", ""source"": ""MBC 무한도전"", ""fact"": ""2013년 방영된 '와이키키 브라더스' 특집 중 노홍철의 숫자 맞추기 게임(숫자 42) 장면입니다.""}], ""issues"": [""[내용확인] 지상파 예능 프로그램 편집본"", ""[검증완료] 실제 방영된 게임 내용과 일치""]}",,https://i.ytimg.com/vi/qChFN8jQFQ8/hqdefault.jpg,[9月의 무도] 와이키키가 보여요~🤩 LUCKY가이 꽹과리의 1:6 눈치싸움! ＂니가 가라 하와이＂ 5편 #옛능 (MBC 20120908 방송),1771766274,2476387
F8_iilRuK2Q,,빨강도깨비,,,2026-01-08T10:30:09Z,"{""summary"": ""영화 제작 비하인드를 다루는 지식 정보 콘텐츠이며, 기만적 상업 광고 요소가 없어 안전합니다."", ""patent_check"": null, ""consultation"": ""본 스크립트는 특정 제품을 판매하기 위한 광고가 아닌 영화 상식 공유를 목적으로 하며, 내용상 소비자 기만 행위는 발견되지 않습니다."", ""reliability_level"": ""안전"", ""evidence"": [{""url"": null, ""source"": ""영화 제작 비하인드(Making-of)"", ""fact"": ""크리스토퍼 놀란 감독은 CG 사용을 최소화하고 실물 세트와 전통적인 특수효과(Practical Effects)를 선호하는 것으로 세계적으로 유명합니다.""}, {""url"": null, ""source"": ""영화 '테넷' 제작 정보"", ""fact"": ""영화 '테넷'은 약 280개의 VFX 컷만 사용하여 일반적인 블록버스터보다 CG 비중이 현저히 낮으며, 실제 비행기 폭파 등 실사 촬영을 진행했습니다.""}], ""issues"": [""[정보: 실사촬영] 놀란 감독의 제작 철학 부합"", ""[기법: 원근법] 영화적 연출 기법에 대한 설명""]}",,https://i.ytimg.com/vi/F8_iilRuK2Q/hqdefault.jpg,차라리 그냥 CG로 하지 ㅋㅋ,1771053481,858219
3n61wHooiv8,,홈루덴스,,,2024-09-04T10:00:03Z,"{""summary"": ""유명 가구 브랜드의 실존 모델과 디자인 정보를 정확하게 제공하고 있어 안전합니다."", ""patent_check"": null, ""consultation"": ""언급된 제품들은 검증된 유명 디자인 가구입니다. 공식 매장을 방문하여 실제 크기와 마감 소재를 확인 후 구매하시길 권장합니다."", ""reliability_level"": ""안전"", ""evidence"": [{""url"": ""https://www.fritzhansen.com"", ""source"": ""Fritz Hansen 공식 홈페이지"", ""fact"": ""슈퍼 엘립티컬(Super-Elliptical)은 피에트 하인, 브루노 마트손 등이 디자인한 프리츠 한센의 실제 모델입니다.""}, {""url"": ""https://www.boconcept.com"", ""source"": ""BoConcept 공식 홈페이지"", ""fact"": ""오타와(Ottawa)는 카림 라시드가 디자인한 확장형 식탁이며, 킹스턴(Kingston) 역시 실존하는 인기 모델입니다.""}], ""issues"": [""[정보정확] 언급된 브랜드 및 모델 실존"", ""[디자인일치] 유명 디자이너 참여 사실 확인""]}",,https://i.ytimg.com/vi/3n61wHooiv8/hqdefault.jpg,"식탁 고민된다면, 이 3가지 중에서만 고르세요!! 🛋️",1771156235,229206
5v9pN5joRxk,,HANGAME,,,2026-01-22T04:42:08Z,"{""summary"": ""제품 정보나 객관적 근거 없이 사행심을 자극하는 표현만 사용되어 신뢰성을 평가할 수 없습니다."", ""patent_check"": null, ""consultation"": ""실체가 불분명하고 자극적인 대사로 클릭을 유도하는 광고는 불법 사행성 서비스일 가능성이 높으므로 주의하십시오."", ""reliability_level"": ""정보 부족"", ""evidence"": [{""url"": null, ""source"": ""스크립트 내용 분석"", ""fact"": ""광고 내에 제품명, 업체명, 특허 번호 등 검증 가능한 실질적 정보가 전혀 포함되어 있지 않습니다.""}, {""url"": null, ""source"": ""문화 콘텐츠 검색"", ""fact"": ""해당 대사는 영화 '타짜'의 대사를 인용한 것으로 보이며, 주로 사행성 게임 광고에서 사용되는 방식입니다.""}], ""issues"": [""[정보 부재] 제품 및 서비스명 미확인"", ""[요행 강조] 근거 없는 요행과 배팅 유도""]}",,https://i.ytimg.com/vi/5v9pN5joRxk/hqdefault.jpg,260120_HPC_SGC_[스파클_왜 콜했겠어]_세로형_~,1772018300,10505914
sLygBEtRtME,,Video ad upload channel for 949-505-6825,,,2025-03-19T06:54:43Z,"{""summary"": ""공식 파트너 프로그램의 수익 구조를 안내하며, 실제 서비스 정책과 부합하여 안전합니다."", ""patent_check"": null, ""consultation"": ""실제 존재하는 보상 프로그램입니다. 단, 50% 수익은 '첫해'에 한정되므로 상세 약관의 지급 조건을 반드시 확인하십시오."", ""reliability_level"": ""안전"", ""evidence"": [{""url"": ""https://www.framer.com/partners/"", ""source"": ""Framer 공식 홈페이지"", ""fact"": ""신규 유료 플랜 가입 시 첫 12개월 동안 결제액의 50%를 리워드로 지급하는 파트너 프로그램을 실제 운영 중입니다.""}, {""url"": null, ""source"": ""Framer Creator Economy 뉴스"", ""fact"": ""Framer는 템플릿 마켓플레이스와 리믹스 링크를 통한 크리에이터 수익 창출 생태계를 공식적으로 지원하고 있습니다.""}], ""issues"": [""[수익배분] 50% 리워드는 첫해 한정임"", ""[수익성] 개인 성과에 따른 수입 변동성""]}",,https://i.ytimg.com/vi/sLygBEtRtME/hqdefault.jpg,Blurry: Framer Creators: How Designers Earn Money & Build Passive Income with Framer,1771072846,15700
E5yqQaInjq0,,GOLDEN BLUE 골든블루,,,2026-01-02T11:01:45Z,"{""summary"": ""광고 내 구체적인 상품 정보나 주장이 포함되지 않아 신뢰성을 판단할 근거가 부족합니다."", ""patent_check"": null, ""consultation"": ""광고의 목적이나 홍보 대상이 명확하지 않습니다. 추가적인 정보 없이는 제품의 안전성이나 신뢰성을 판단할 수 없습니다."", ""reliability_level"": ""정보 부족"", ""evidence"": [{""url"": null, ""source"": ""광고 스크립트 분석"", ""fact"": ""제공된 스크립트는 '오늘도가 볼까?'라는 일상적 표현과 음악으로만 구성되어 있어 검증할 대상이 없습니다.""}], ""issues"": [""[정보부족] 제품명 및 효능 설명 없음"", ""[검증불가] 분석 가능한 핵심 주장 부재""]}",,https://i.ytimg.com/vi/E5yqQaInjq0/hqdefault.jpg,"캠핑하다 만난 뜻밖의 행복, 골든블루 쿼츠_쇼츠",1771153769,2313268
apWagY590TI,,다나움요양병원,,,2025-01-15T10:00:04Z,"{""summary"": ""의학적 사실 기반의 정보 전달이며, 허위 특허나 비과학적 과장 주장이 없어 안전합니다."", ""patent_check"": null, ""consultation"": ""항암 중 치과 치료는 반드시 혈액 수치를 확인한 후 주치의와 상의하여 진행하는 것이 가장 안전합니다."", ""reliability_level"": ""안전"", ""evidence"": [{""url"": ""https://www.cancer.go.kr"", ""source"": ""국가암정보센터"", ""fact"": ""항암 치료 중에는 감염 및 출혈 위험으로 발치 등 침습적 시술이 제한되며, 철저한 구강 위생 관리가 권장됩니다.""}], ""issues"": [""[정보: 항암 중 침습 치료 주의]"", ""[홍보: 환자 맞춤형 관리 강조]""]}",,https://i.ytimg.com/vi/apWagY590TI/hqdefault.jpg,항암 중인 암환자는 치과치료 가능할까? #shorts,1771155894,1464908
mEPrv3u_xkM,,Tinder Korea,,,2026-02-13T00:43:14Z,"{""summary"": ""서비스 목적을 명시한 일반 광고이며, 허위 사실이나 기만적 표현이 포함되지 않은 안전한 광고입니다."", ""patent_check"": null, ""consultation"": ""정상적인 서비스 광고입니다. 데이팅 앱 이용 시 개인정보 유출에 유의하며 안전하게 사용하시기 바랍니다."", ""reliability_level"": ""안전"", ""evidence"": [{""url"": ""https://www.tinder.com"", ""source"": ""Tinder 서비스 공식 정보"", ""fact"": ""틴더는 전 세계적으로 사용되는 공식 데이팅 앱 서비스로, 새로운 만남을 주선하는 기능을 정상적으로 제공합니다.""}, {""url"": null, ""source"": ""광고 표현 검토"", ""fact"": ""스크립트 내에 특허, 의학적 효능, 최상급 표현 등 '표시·광고법' 위반 소지가 있는 주장이 발견되지 않았습니다.""}], ""issues"": [""[정상광고] 서비스 기능의 일반적 소개"", ""[정보일치] 앱의 목적과 광고 내용이 일치함""]}",,https://i.ytimg.com/vi/mEPrv3u_xkM/hqdefault.jpg,할래 말래? 틴더로 소개팅 할래?😳 #틴더 #tinder #틴더타로 #틴더2026,1771846683,437972
2Hvj6V-c3YA,,꿀맛드라마,,,2025-11-26T12:00:27Z,,,https://i.ytimg.com/vi/2Hvj6V-c3YA/hqdefault.jpg,조각도시 새로운 강적 등장 온 몸이 무기인 남자,1770571445,1279098
2kNC2Jj0AxY,,멋쟁이사자처럼,,,2026-02-04T06:58:06Z,"{""summary"": ""국비 지원 교육 홍보물이나, 학습 성과에 대한 과장된 표현과 불분명한 교육 주체로 인해 주의가 필요합니다."", ""patent_check"": null, ""consultation"": ""HRD-Net에서 해당 교육 과정의 공식 명칭과 실제 취업률을 확인하고, 인턴십이 채용 전제형인지 단순 체험형인지 반드시 대조하십시오."", ""reliability_level"": ""주의"", ""evidence"": [{""url"": ""https://www.hrd.go.kr"", ""source"": ""고용노동부 HRD-Net"", ""fact"": ""내일배움카드 지원은 정부 승인 과정에 한하며, 개인별 잔액 및 유형에 따라 자부담금이 발생할 수 있습니다.""}, {""url"": null, ""source"": ""표시·광고에 관한 법률"", ""fact"": ""교육 서비스에서 '마스터', '완벽' 등 절대적 성과를 보장하는 표현은 소비자를 오인시킬 수 있는 과장 광고에 해당할 소지가 있습니다.""}], ""issues"": [""[과장표현] 전 영역 마스터 확언"", ""[정보부족] 교육 운영사 명칭 불분명"", ""[확인필요] 실무 인턴십 실제 연계율""]}",,https://i.ytimg.com/vi/2kNC2Jj0AxY/hqdefault.jpg,[클라우드 엔지니어링] AWS 클라우드 정규직 전환형 인턴십 기회!,1771074353,73182
woa1XzyyiWc,,메이드영성형외과,,,2026-01-29T13:53:58Z,"{""summary"": ""통상적인 미용 시술 정보를 제공하며, 과장이나 허위 주장이 발견되지 않아 안전 등급입니다."", ""patent_check"": null, ""consultation"": ""일반적인 미용 시술 정보입니다. 개인별 피부 상태에 따라 결과가 다를 수 있으므로 전문의 상담 후 진행하십시오."", ""reliability_level"": ""안전"", ""evidence"": [{""url"": null, ""source"": ""의료 정보 일반"", ""fact"": ""필러와 리프팅은 팔자주름 및 피부 처짐 개선을 위해 실제 의료 현장에서 널리 시행되는 비수술적 시술입니다.""}], ""issues"": [""[정보제공] 비수술적 주름 개선 안내"", ""[일상적표현] 일반적인 미용 효과 설명""]}",,https://i.ytimg.com/vi/woa1XzyyiWc/hqdefault.jpg,[메이드영성형외과],1771070911,133606
_VObGFH_L84,,COWAY,,,2026-02-11T06:34:22Z,"{""summary"": ""브랜드 인지도 제고를 위한 유머 스킷 광고이며, 허위 수치나 과장된 효능 주장이 발견되지 않습니다."", ""patent_check"": null, ""consultation"": ""단순 브랜드 홍보 영상입니다. 실제 구매 시에는 안마 방식과 규격 등 상세 사양을 공식 판매처에서 확인하십시오."", ""reliability_level"": ""안전"", ""evidence"": [{""url"": ""https://www.coway.com"", ""source"": ""코웨이(Coway) 공식 홈페이지"", ""fact"": ""비렉스(BEREX)는 코웨이의 슬립 및 힐링케어 전문 브랜드이며, '트리플체어'는 실제 판매 중인 안마의자 제품입니다.""}, {""url"": null, ""source"": ""공정거래위원회 광고 심의 기준"", ""fact"": ""해당 광고는 효능을 확언하기보다 명절 선물이라는 상황적 맥락을 활용한 브랜드 마케팅으로 판단됩니다.""}], ""issues"": [""[브랜드광고] 제품 홍보 목적의 상황극"", ""[과장없음] 객관적 수치나 기술력 과장 없음""]}",,https://i.ytimg.com/vi/_VObGFH_L84/hqdefault.jpg,"[마이웨이 특강] 명절에 안마의자 사달라는 부모님, 이렇게 해결하세요",1771155557,136166
n_Kh-LuENss,,"모두의 햇살, 모햇",,,2025-11-10T04:15:03Z,,,https://i.ytimg.com/vi/n_Kh-LuENss/hqdefault.jpg,2030이 전기를 사는 이유 #투자전략,1770648188,7972442
GSwugJoTovI,,노마드 코더 Nomad Coders,,,2025-10-04T12:30:19Z,,,https://i.ytimg.com/vi/GSwugJoTovI/hqdefault.jpg,일단 아무거나 AI 한테 던져보는 나,1771310513,277810
AbhYKUWJuX8,,Airbnb,,,2026-01-13T00:15:33Z,"{""summary"": ""에어비앤비의 올림픽 공식 후원 및 개최지 정보는 사실입니다."", ""patent_check"": null, ""consultation"": ""에어비앤비는 실제 공식 후원사가 맞습니다. 다만 스크립트 내 오타가 확인되므로 예약 시 반드시 공식 앱이나 사이트를 이용하십시오."", ""reliability_level"": ""안전"", ""evidence"": [{""url"": ""https://olympics.com/ioc/partners/airbnb"", ""source"": ""IOC(국제올림픽위원회) 공식 홈페이지"", ""fact"": ""에어비앤비는 2019년부터 올림픽 월드와이드 파트너(TOP)로 등록된 공식 후원사입니다.""}, {""url"": ""https://milanocortina2026.olympics.com/"", ""source"": ""2026 밀라노-코르티나 동계 올림픽 조직위원회"", ""fact"": ""2026년 이탈리아 밀라노와 코르티나 담페초에서 제25회 동계 올림픽이 개최될 예정입니다.""}], ""issues"": [""공식 후원사 사실 확인"", ""브랜드명 오타(BMB)"", ""개최 시기(2026년) 유의""]}",,https://i.ytimg.com/vi/AbhYKUWJuX8/hqdefault.jpg,"당신이 꿈꿔왔던 겨울 여정, 올림픽 월드와이드 파트너 에어비앤비와 함께",1770802680,3849371
tpVN5iyHtX0,,노마드 코더 Nomad Coders,,,2024-02-13T07:28:20Z,"{""summary"": ""일반적인 개발 지식 전달 및 무료 강의 홍보로, 허위나 과장된 주장이 없어 안전합니다."", ""patent_check"": null, ""consultation"": ""프로그래밍 입문자를 위한 적절한 조언을 담고 있습니다. 무료 강의 수강 시 개인정보 활용 범위만 확인하시기 바랍니다."", ""reliability_level"": ""안전"", ""evidence"": [{""url"": ""https://www.google.com/search?q=javascript+vs+python+use+cases"", ""source"": ""Google Search (IT 산업 동향)"", ""fact"": ""JavaScript는 웹 인터랙티브 구현에, Python은 AI 및 데이터 분석에 주로 사용된다는 설명은 사실에 부합합니다.""}], ""issues"": [""[사실기반] 언어별 특징 설명이 업계 통념과 일치"", ""[투명성] 무료 교육 서비스임을 명확히 고지""]}",,https://i.ytimg.com/vi/tpVN5iyHtX0/hqdefault.jpg,코린이를 위한 조언,1771312753,647454
wX1Z9eb5Nmk,,ZeroCho TV,,,2025-04-18T13:04:33Z,"{""summary"": ""정확한 기술 정보(지연 평가)를 바탕으로 효율적인 코딩 기법을 제시하여 매우 안전합니다."", ""patent_check"": null, ""consultation"": ""대규모 데이터 처리 시 성능을 높이는 실질적인 코딩 팁입니다. 제시된 기술적 근거가 명확하므로 안심하고 참고하십시오."", ""reliability_level"": ""안전"", ""evidence"": [{""url"": ""https://developer.mozilla.org/en-US/docs/Web/JavaScript/Reference/Global_Objects/Iterator"", ""source"": ""MDN Web Docs (JavaScript)"", ""fact"": ""배열 필터는 전체를 순회하지만, 이터레이터의 지연 평가는 필요한 시점에만 계산하여 성능을 최적화합니다.""}], ""issues"": [""[기술검증] 지연 평가의 성능 이점 확인됨"", ""[정보정확] JS 이터레이터 표준 활용법""]}",,https://i.ytimg.com/vi/wX1Z9eb5Nmk/hqdefault.jpg,"이걸 알면 배열 작업이 엄청나게 빨라집니다. 이터레이터, 지연평가",1771052821,145300
dxgcl3CVgvo,,아크네마인드 원장 여드름 닥터,,,2025-07-10T02:30:30Z,"{""summary"": ""의학적 사실에 기반하여 성분의 한계를 명확히 고지하고 올바른 정보를 제공하는 교육형 광고입니다."", ""patent_check"": null, ""consultation"": ""전문적인 의학 지식을 바탕으로 과장 없이 정보를 전달하고 있습니다. 영상 하단 링크에서 제안하는 해결책이 의학적 시술인지 일반 화장품인지 추가 확인 후 판단하십시오."", ""reliability_level"": ""안전"", ""evidence"": [{""url"": ""https://nedrug.mfds.go.kr/"", ""source"": ""식약처 의약품안전나라 및 의학 전문 자료"", ""fact"": ""스티바A(트레티노인)는 비타민A 유도체로 여드름 및 광노화 치료에 사용되며, 피지 배출을 도와 모공이 작아 보이게 할 뿐 물리적 크기 자체를 줄이는 기전은 제한적입니다.""}], ""issues"": [""[정보제공] 성분별 실제 효과 차이 설명"", ""[한계명시] 물리적 모공 축소 불가 고지"", ""[사실근거] 블랙헤드 제거를 통한 시각적 효과 설명""]}",,https://i.ytimg.com/vi/dxgcl3CVgvo/hqdefault.jpg,(광고❌) 모공 줄여주는 제품 & 연고❓ #모공케어 #모공관리 #모공 #모공줄이는법,1771154423,4036
jBdNKwOhEkU,,김준표,,,2026-02-21T09:01:05Z,"{""summary"": ""제품 효능에 대한 허위 주장이 없으며, 일상적 갈등 사례를 다룬 예능형 콘텐츠로 판단됩니다."", ""patent_check"": null, ""consultation"": ""광고법 위반이나 허위 주장은 발견되지 않으나, 비속어와 자극적인 소재가 많아 시청 시 주의가 필요합니다."", ""reliability_level"": ""안전"", ""evidence"": [{""url"": ""https://toss.im/"", ""source"": ""토스(Toss) 공식 홈페이지"", ""fact"": ""스크립트 내 언급된 '토스 1원 받기' 등의 리워드 기능은 실제 제공되는 서비스입니다.""}], ""issues"": [""[비속어: 자극적인 욕설 및 비속어 사용]"", ""[혐오표현: 특정 집단에 대한 부정적 묘사]""]}",,https://i.ytimg.com/vi/jBdNKwOhEkU/hqdefault.jpg,설날에 가오잡는 ㅂ신 일진 조카를 풀싸대기 한방으로 갱생시킨 십상남자 삼촌 레전드 ㅋㅋㅋㅋㅋㅋ 2026년 파국의 설날 레전드 모음집 ㅋㅋㅋㅋㅋㅋ,1771834970,1057125
Br0oJGMcyUc,,스완SWAN_현실남자관리,,,2025-10-20T11:00:31Z,"{""summary"": ""[최상급 표현] 사용 때문이며, 이는 객관적 근거 없는 주관적 확언으로 광고 가이드라인 위반 소지가 있어 주의가 필요합니다."", ""patent_check"": null, ""consultation"": ""미백 기능성 성분이 포함된 화장품이나, '최고의 효과'라는 과장된 표현에 현혹되지 말고 개인차가 있음을 인지해야 합니다."", ""reliability_level"": ""주의"", ""evidence"": [{""url"": ""https://www.mfds.go.kr"", ""source"": ""식약처 화장품 표시·광고 관리 가이드라인"", ""fact"": ""화장품 광고에서 '최고', '최상', '효과 확실' 등 절대적·단정적 표현은 소비자 기만 우려로 엄격히 금지됩니다.""}, {""url"": null, ""source"": ""성분 분석 (트라네삼산)"", ""fact"": ""트라네삼산은 미백 기능성 성분이나, 화장품은 의약품이 아니므로 여드름 흉터의 '완벽한 제거'를 보장할 수 없습니다.""}], ""issues"": [""[최상급표현] 타 제품 대비 최고 효과 장담"", ""[효과단정] 효과 확실하다는 단정적 표현"", ""[의약품오인] 상비약 비유로 의약품 오인 유도""]}",,https://i.ytimg.com/vi/Br0oJGMcyUc/hqdefault.jpg,"지금 신경 안쓰면 내년까지 갑니다 😵 여드름 흔적, 붉은기, 색소침착 명작 최저가 뜯어옴 [막안사는남자들]",1771132609,85607
bgH5rwiB1Wk,,Nebula: Astrology and Self-discovery,,,2025-12-12T22:26:34Z,"{""summary"": ""비과학적 영적 서비스를 확정적 사실처럼 묘사하며 소비자를 현혹하는 기만적 광고입니다."", ""patent_check"": null, ""consultation"": ""객관적 근거가 없는 초자연적 주장에 현혹되지 마십시오. 결제 시 사기 피해나 개인정보 유출의 위험이 매우 높습니다."", ""reliability_level"": ""위험"", ""evidence"": [{""url"": null, ""source"": ""공정거래위원회 광고 심의 기준"", ""fact"": ""미래의 인연을 특정하여 그릴 수 있다는 과학적·객관적 근거가 전혀 없으며, 이는 소비자를 오인하게 하는 전형적인 기만적 광고에 해당합니다.""}, {""url"": null, ""source"": ""온라인 소비자 피해 사례 분석"", ""fact"": ""유사한 '소울메이트 스케치' 서비스들은 대개 범용적인 이미지를 제공하며, 환불 거부 및 개인정보 유출 등의 소비자 피해가 빈번히 보고됩니다.""}], ""issues"": [""[근거없음] 미래 배우자 예언의 비과학성"", ""[기만광고] 검증 불가능한 성공 사례 활용"", ""[허위보장] 만남 시기와 장소의 확언""]}",,https://i.ytimg.com/vi/bgH5rwiB1Wk/hqdefault.jpg,13.12.2025_d@_irr_m@_SOULMATE-SKETCH_f@_Demand_Gen_it@_WW_g@_Video_Test5 video du11osmye1k,1771069469,100098000
y9DaJqwH3l8,,Video ad upload channel for 585-083-0684,,,2025-06-11T12:46:57Z,,,https://i.ytimg.com/vi/y9DaJqwH3l8/hqdefault.jpg,Blurry: 광고_250611 isggpado00,1771070849,117
P1KvxK-8EA8,,해운대 공구왕 송사장,,,2026-01-20T08:51:27Z,,,https://i.ytimg.com/vi/P1KvxK-8EA8/hqdefault.jpg,최상급 애플망고 특가 OPEN💖,1770802026,5468873
L32lhb2hBKo,,lovely오블리주,,,2026-01-06T02:14:31Z,,,https://i.ytimg.com/vi/L32lhb2hBKo/hqdefault.jpg,"🏆오블리주의원, 2025 한국소비자산업평가 병의원 부문 수상!｜KOFST 한국과학기술회관 시상식 현장 #수상 #shorts",1771154012,150127
1544eJw3fVQ,,브라운 면도기Braun Korea,,,2025-12-02T02:20:19Z,"{""summary"": ""글로벌 가전 브랜드의 정상적인 제품 홍보이며, 기만적이거나 허위인 내용이 발견되지 않았습니다."", ""patent_check"": null, ""consultation"": ""기만적 요소가 없는 정상적인 광고입니다. 개인의 수염 굵기와 피부 민감도에 따라 사용감은 다를 수 있으니 실사용 후기를 참고하십시오."", ""reliability_level"": ""안전"", ""evidence"": [{""url"": ""https://www.braun.kr/"", ""source"": ""브라운 공식 제품 정보"", ""fact"": ""브라운 시리즈 9은 실제 판매 중인 프리미엄 면도기 라인업이며, '울트라신(Ultra-thin)' 포일 기술이 적용된 모델입니다.""}], ""issues"": [""[정상광고] 통상적인 제품 성능 강조"", ""[실체확인] 검증된 브랜드의 프리미엄 제품""]}",,https://i.ytimg.com/vi/1544eJw3fVQ/hqdefault.jpg,NEW 브라운 시리즈 9 PRO+ 울트라 씬 골드 에디션 출시,1771061021,12920722
UR0UBnaqVf8,,올리브영 AD,,,2026-01-25T07:51:47Z,,,https://i.ytimg.com/vi/UR0UBnaqVf8/hqdefault.jpg,[올리브베러] 1/30(금) 올리브영만큼 Better한 곳의 등장,1770571847,4301896
kksapyrgAlI,,메디쌤,,,2026-01-19T10:57:53Z,"{""summary"": ""광고 내 구체적인 제품 정보나 효능 주장이 전혀 없어 신뢰성을 판단할 자료가 부족합니다."", ""patent_check"": null, ""consultation"": ""광고의 실체와 목적이 불분명합니다. 구체적인 제품 정보가 확인될 때까지 주의가 필요합니다."", ""reliability_level"": ""정보 부족"", ""evidence"": [{""url"": null, ""source"": ""광고 스크립트 분석"", ""fact"": ""해당 스크립트는 음악 가사와 'GP'라는 약어 외에 어떠한 상업적 정보나 기술적 주장을 포함하고 있지 않습니다.""}], ""issues"": [""[정보부족] 제품 및 서비스 식별 불가"", ""[검증불가] 효능이나 특허 등 구체적 주장 없음""]}",,https://i.ytimg.com/vi/kksapyrgAlI/hqdefault.jpg,매일 이 자세를 따라하면 생기는 놀라운 변화,1771773672,2283677
gF7zLq2UuiI,,이레,,,2026-02-06T09:00:59Z,"{""summary"": ""검증 가능한 제품 정보 및 구체적인 주장이 없습니다."", ""patent_check"": null, ""consultation"": ""분석할 수 있는 광고 내용이 존재하지 않습니다. 실제 제품의 판매 페이지나 상세 설명을 확인하시기 바랍니다."", ""reliability_level"": ""정보 부족"", ""evidence"": [{""url"": null, ""source"": ""스크립트 분석"", ""fact"": ""제시된 스크립트는 음악 가사로 구성되어 있으며 제품명, 효능, 성분 등 어떠한 상업적 주장도 포함하고 있지 않습니다.""}], ""issues"": [""구체적 주장 없음"", ""분석 데이터 부족""]}",,https://i.ytimg.com/vi/gF7zLq2UuiI/hqdefault.jpg,아무 노래나 어울리는 춤 & 아이브- BANG BANG #아이브 #아이브컴백 #댄스 #춤 #장원영 #안유진 #리즈 #레이 #가을 #이서 #추천 #관리자님추천뜨게해주세요 #포장계,1770809335,480505
OxHcb8kjx9w,,아임웹,,,2026-01-09T08:23:54Z,"{""summary"": ""실제 운영 중인 브랜드의 서비스 소개 및 제작 철학 공유 내용입니다."", ""patent_check"": null, ""consultation"": ""브랜드의 기능과 감성을 설명하는 일반적인 홍보 영상입니다. 제공되는 시뮬레이션 기능을 체험 후 구매 여부를 결정하십시오."", ""reliability_level"": ""안전"", ""evidence"": [{""url"": ""https://muyongjiyong.com/"", ""source"": ""무용지용(MUYONGJIYONG) 공식 채널"", ""fact"": ""실제 키보드 키링 판매 및 홈페이지 내 커스텀 조합 기능을 운영 중임이 확인됨.""}, {""url"": null, ""source"": ""온라인 커뮤니티 및 SNS"", ""fact"": ""브랜드의 오프라인 팝업 행사와 제품 구매 후기가 다수 존재하여 실체가 확인됨.""}], ""issues"": [""특이사항 없음""]}",,https://i.ytimg.com/vi/OxHcb8kjx9w/hqdefault.jpg,팝업으로 끝? 또 다른 시작을 위해 온라인 매장에 투자 #아임웹,1770784534,437322
TQte_iguOhA,,Brawther 브롸더,,,2025-04-29T12:43:58Z,"{""summary"": ""주관적 경험을 바탕으로 한 단순 셀프 이발 팁 공유 광고입니다."", ""patent_check"": null, ""consultation"": ""허위 과장 광고 요소가 없는 일반 후기성 광고입니다. 단, 셀프 이발은 숙련도에 따라 실패할 위험이 있음을 유의하십시오."", ""reliability_level"": ""안전"", ""evidence"": [{""url"": null, ""source"": ""광고 스크립트 분석"", ""fact"": ""특정 제품의 기술력이나 의학적 효능을 주장하지 않으며 사용자의 체험 위주로 구성됨.""}, {""url"": null, ""source"": ""일반 통계 자료"", ""fact"": ""'뒷머리 지저분함'이 남성 스트레스 5위라는 공식 통계는 확인되지 않으며 마케팅적 수사로 판단됨.""}], ""issues"": [""통계 근거 불분명"", ""주관적 경험 강조""]}",,https://i.ytimg.com/vi/TQte_iguOhA/hqdefault.jpg,남자 셀프 이발 하는 법,1770809495,717863
qDIdys08G5Y,,현대약품 (주),,,2026-01-29T05:09:03Z,"{""summary"": ""식약처 승인 일반의약품(미녹시딜)으로, '치료제' 명칭 사용이 적절한 안전한 광고입니다."", ""patent_check"": null, ""consultation"": ""식약처 승인 의약품이므로 안심하고 사용 가능하나, 일반의약품이므로 약사와 상의 후 용법을 준수하십시오."", ""reliability_level"": ""안전"", ""evidence"": [{""url"": ""https://nedrug.mfds.go.kr/"", ""source"": ""식품의약품안전처 의약품안전나라"", ""fact"": ""마이녹실폼5%(미녹시딜)은 현대약품의 일반의약품으로, 남성형 탈모증 치료 효능을 공식 허가받았습니다.""}], ""issues"": [""[적정광고] 승인된 효능·효과 표기"", ""[정보일치] 성분 및 제형 정보 일치""]}",,https://i.ytimg.com/vi/qDIdys08G5Y/hqdefault.jpg,[마이녹실폼 에어로솔5%] 폼타입 탈모치료제 마이녹실 폼,1771061296,1687074
1x0N0CbcSEU,,형제약사의 약이야기,,,2024-01-24T08:19:44Z,,,https://i.ytimg.com/vi/1x0N0CbcSEU/hqdefault.jpg,인스타에서 난리난 약국 꿀템 -2편 다이어트약-,1771154222,523417
I5u6ATxWXbs,,엄마를 위한 지식,,,2025-10-11T12:36:41Z,"{""summary"": ""식약처 인증 사칭 및 검증되지 않은 의학적 효능을 주장하는 허위 광고입니다."", ""patent_check"": {""details"": ""유럽 특허 기술을 주장하나 구체적인 번호가 없으며, 경구용 IGF-1의 유효한 흡수 기술은 상용화 근거가 부족합니다."", ""patent_number"": null, ""status"": ""미확인""}, ""consultation"": ""식약처 '건강기능식품' 마크를 반드시 확인하십시오. 키 성장 관련 제품은 허위·과대광고가 많으므로 전문의와 먼저 상담하는 것이 안전합니다."", ""reliability_level"": ""위험"", ""evidence"": [{""url"": ""https://www.mfds.go.kr"", ""source"": ""식품의약품안전처"", ""fact"": ""현재 식약처가 '어린이 키 성장' 기능성을 인정한 원료는 '황기추출물 등 복합물(HT042)'이 유일하며, IGF-1은 해당되지 않습니다.""}, {""url"": null, ""source"": ""국민건강보험공단 및 의료계"", ""fact"": ""IGF-1은 단백질 성분으로 경구 섭취 시 위산에 의해 분해되어 키 성장에 직접적인 효과를 기대하기 어렵습니다.""}], ""issues"": [""식약처 인증 정보 허위"", ""의학적 효능 과장"", ""특허 근거 불분명""]}",,https://i.ytimg.com/vi/I5u6ATxWXbs/hqdefault.jpg,"국내최초 먹는 성장인자 IGF-1 , 성장판 닫혀간다면 절대 놓치지 마세요",1770648005,6061465
yzsYlFESbx8,,제타,,,2025-09-04T10:42:50Z,"{""summary"": ""필터링 해제를 암시하는 자극적 문구와 '안전'이라는 상충된 주장으로 인한 주의 등급입니다."", ""patent_check"": null, ""consultation"": ""자극적인 마케팅 문구에 주의하고, 서비스 이용 시 개인정보 유출 및 부적절한 콘텐츠 노출 가능성을 염두에 두어야 합니다."", ""reliability_level"": ""주의"", ""evidence"": [{""url"": null, ""source"": ""AI 서비스 운영 정책 일반"", ""fact"": ""대부분의 AI 채팅 서비스는 윤리 및 법적 가이드라인에 따른 필터링 시스템을 운영하므로 '제한 없음'은 과장된 표현일 수 있습니다.""}], ""issues"": [""[과장광고] 제한 없는 대화의 비현실성"", ""[모순적표현] 자극적 대화와 안전의 부조화""]}",,https://i.ytimg.com/vi/yzsYlFESbx8/hqdefault.jpg,"더 자유로워진 제타, 흥선대원군의 포용력",1771663249,4349896
GZSdbTtRrnY,,시온,,,2025-12-24T01:26:49Z,"{""summary"": ""브랜드 및 제조 정보 미표기로 인해 주장의 객관적 검증이 불가능함."", ""patent_check"": null, ""consultation"": ""브랜드를 확인하여 소재 혼용률과 실측 사이즈, 실제 사용자들의 세탁 후기 등을 비교 후 구매하십시오."", ""reliability_level"": ""정보 부족"", ""evidence"": [{""url"": null, ""source"": ""광고 스크립트 분석"", ""fact"": ""특허, 인증, 구체적 원단 성분 등 객관적으로 검증 가능한 데이터가 제시되지 않음.""}, {""url"": null, ""source"": ""일반 의류 광고 기준"", ""fact"": ""고밀도 원단, 스트링 조절 등은 기능성 의류의 일반적 특징이나 브랜드 미확인 시 사실 확인이 어려움.""}], ""issues"": [""브랜드 특정 불가"", ""객관적 수치 부재"", ""주관적 경험 위주""]}",,https://i.ytimg.com/vi/GZSdbTtRrnY/hqdefault.jpg,고중량 두줄 트랙 특별 할인 기간 .mp4,1770835846,1197955
tTv_8cfCYU0,,Video ad upload channel for 383-712-1131,,,2026-01-23T12:52:28Z,"{""summary"": ""실존 게임의 세계관을 상황극으로 연출한 일반적인 게임 광고입니다."", ""patent_check"": null, ""consultation"": ""광고의 상황극 연출과 실제 게임 플레이 방식이 다를 수 있으니 앱 스토어의 실제 화면과 리뷰를 확인하십시오."", ""reliability_level"": ""안전"", ""evidence"": [{""url"": null, ""source"": ""구글 검색"", ""fact"": ""에덴 크로니클(Eden Chronicle)은 실존하는 모바일 RPG 게임으로 확인됩니다.""}, {""url"": null, ""source"": ""광고 스크립트 분석"", ""fact"": ""특허, 인증, 수치적 효능에 대한 주장 없이 게임 설정과 컨셉만을 전달하고 있습니다.""}], ""issues"": [""실제 플레이와 무관"", ""스토리 연출 위주""]}",,https://i.ytimg.com/vi/tTv_8cfCYU0/hqdefault.jpg,kr_vid_academy-son-o_1080x1920_simul.mp4,1770803169,1196218
L08PDfNeXLM,,한별Hanbyul,,,2025-10-17T08:01:42Z,"{""summary"": ""의학적 효능 오인(자국/색소 개선) 및 질병 부위 사용 권장으로 인해 소비자 안전이 우려되는 위험 등급입니다."", ""patent_check"": {""details"": ""성분에 대한 원료 특허는 존재할 수 있으나, 제품 자체가 모공을 영구 축소하거나 피지 분비를 원천 차단하는 치료 특허를 받은 것은 아닙니다."", ""patent_number"": ""광고 내 미표기(성분 특허로 갈음)"", ""status"": ""존재""}, ""consultation"": ""화장품은 의약품이 아니므로 색소 침착이나 트러블 자국의 드라마틱한 개선은 불가능합니다. 질병 부위 사용은 반드시 전문가와 상의하십시오."", ""reliability_level"": ""위험"", ""evidence"": [{""url"": null, ""source"": ""식약처 광고 심의 가이드라인"", ""fact"": ""화장품 광고 시 '색소 침착 개선', '흉터 치료' 등 의학적 효능으로 오인될 수 있는 표현은 엄격히 금지됩니다.""}, {""url"": null, ""source"": ""KIPRIS 특허 검색"", ""fact"": ""바다포도 추출물 관련 모공 개선 원료 특허는 다수 존재하나, 이는 완제품의 임상적 완치를 보장하지 않습니다.""}], ""issues"": [""[의학적오인] 트러블 자국 및 색소 침착 개선 주장"", ""[위험확언] 사마귀 등 질병 부위 사용 무방 강조"", ""[과대광고] 모공을 꽉 채운다는 비과학적 표현"", ""[공포마케팅] 가을철 방치 시 모공 고착 위협""]}",,https://i.ytimg.com/vi/L08PDfNeXLM/hqdefault.jpg,81%off 🔥 최저가 피지 모공러들 종결템💚 효과없? 100% 환불 ㄱㄱ,1771143843,23147
7H2ZtIbtlO0,,동아제약 OFFICIAL,,,2019-05-28T13:00:01Z,"{""summary"": ""식약처 승인을 받은 일반의약품의 허가된 효능(여드름 흉터 치료)을 안내하여 안전합니다."", ""patent_check"": null, ""consultation"": ""식약처 허가 효능 내에서 광고 중이나, 진행 중인 화농성 여드름 부위가 아닌 상처가 아문 후의 '흉터'에 사용해야 효과적입니다."", ""reliability_level"": ""안전"", ""evidence"": [{""url"": ""https://nedrug.mfds.go.kr"", ""source"": ""식품의약품안전처 의약품안전나라"", ""fact"": ""노스카나겔은 헤파린 나트륨, 알란토인, 덱스판테놀 성분의 일반의약품으로 여드름 흉터, 수술 흉터 등의 치료 효능을 정식 허가받았습니다.""}, {""url"": null, ""source"": ""동아제약 공식 제품 정보"", ""fact"": ""광고 내 '약국에 있다'는 표현은 일반의약품 판매 경로에 부합하며, 화장품이 아닌 의약품임을 명확히 인지시키고 있습니다.""}], ""issues"": [""[정식허가] 흉터치료제 승인 완료"", ""[정보전달] 약국 판매 의약품 명시""]}",,https://i.ytimg.com/vi/7H2ZtIbtlO0/hqdefault.jpg,귀여움 5종세트? 노스카나겔 혜리 광고 통합본 몰아보기 (Lee Hyeri's Noscarna Advertisement 2019),1771670565,28837
5tkfA8yy79Y,10,푸키키 fookikie,,90,2025-12-07T13:13:00Z,"{""summary"": ""SNS에서 화제가 된 대중적인 라면 레시피 정보입니다."", ""patent_check"": null, ""consultation"": ""단순 요리 정보로 안전하며, 나트륨 섭취 조절을 위해 스프 양을 기호에 맞게 가감하시기 바랍니다."", ""reliability_level"": ""안전"", ""evidence"": [{""url"": null, ""source"": ""YouTube 및 SNS 검색"", ""fact"": ""마요네즈, 마늘, 계란을 활용한 비빔라면 레시피는 '마제소바' 스타일로 실제 수천만 회 이상의 조회수를 기록하는 인기 조리법입니다.""}], ""issues"": [""주관적인 맛 평가"", ""조회수 강조 마케팅""]}",/Users/dohyeonkim/Documents/Documents - MacBook Pro dk/00_Projects/스프린트/sprint_backend/Extraction_5tkfA8yy79Y,https://i.ytimg.com/vi/5tkfA8yy79Y/hqdefault.jpg,이거 무슨 라면인지 아무도 못맞춤,1770566597,13490933
MXOzhoAb850,,인튭,,,2026-02-17T10:06:32Z,"{""summary"": ""제품에 대한 구체적인 주장이나 정보 없이 노래 가사로만 구성되어 신뢰성 판단이 불가합니다."", ""patent_check"": null, ""consultation"": ""실질적인 광고적 주장이나 수치, 특허 언급이 없습니다. 분석할 구체적인 제품 정보가 포함된 스크립트가 필요합니다."", ""reliability_level"": ""정보 부족"", ""evidence"": [{""url"": null, ""source"": ""스크립트 분석"", ""fact"": ""제공된 텍스트는 특정 제품의 효능이나 인증을 주장하는 내용이 아닌, 노래(검정치마 - Antifreeze 등)의 가사로 보입니다.""}], ""issues"": [""[정보부족] 제품 식별 불가"", ""[검증불가] 효능 주장 없음""]}",,https://i.ytimg.com/vi/MXOzhoAb850/hqdefault.jpg,난춘,1771663319,448
iwhlvENWrx8,5,미소 miso,,95,2025-11-05T03:31:31Z,"{""summary"": ""실제 운영 중인 서비스이나, 시간 내 서비스 범위 확인이 필요합니다."", ""patent_check"": null, ""consultation"": ""제시된 가격은 실제 존재하는 서비스이나, 2시간 내에 언급된 모든 항목을 청소하기는 물리적으로 부족할 수 있으니 예약 시 우선순위를 정하세요."", ""reliability_level"": ""안전"", ""evidence"": [{""url"": ""https://www.miso.kr/"", ""source"": ""미소(Miso) 공식 서비스 정보"", ""fact"": ""홈 서비스 플랫폼 '미소'에서 실제 가사 도우미 서비스를 3만 원대부터 제공하고 있습니다.""}, {""url"": null, ""source"": ""이용 약관 및 서비스 가이드"", ""fact"": ""냉장고 내부나 창틀 등은 작업 강도와 시간에 따라 기본 서비스 시간 내에 모두 완료되지 못할 수 있습니다.""}], ""issues"": [""시간 대비 청소 범위 확인"", ""지역별 가격 변동 가능성""]}",D:\Files\Leaning\sprint_backend\Extraction_iwhlvENWrx8,https://i.ytimg.com/vi/iwhlvENWrx8/hqdefault.jpg,"집 청소 2시간 34,900원 부터 쌓인 설거지, 정리 안 된 옷장, 물 때 낀 화장실 미소가 청소할게요",1770734325,55958096
_s7ecxfSCDI,,Channel Meitu,,,2025-07-14T09:49:52Z,"{""summary"": ""실제 앱 기능을 인터뷰 형식으로 소개하며 허위·과장 광고 요소가 발견되지 않아 안전합니다."", ""patent_check"": null, ""consultation"": ""실제 서비스 중인 앱의 기능을 사용자 인터뷰를 통해 홍보하는 광고입니다. 쿠폰 사용 시 혜택 적용 범위를 확인하십시오."", ""reliability_level"": ""안전"", ""evidence"": [{""url"": ""https://play.google.com/store/apps/details?id=com.mt.mtxx.mtxx"", ""source"": ""Google Play / App Store"", ""fact"": ""Meitu(메이투)는 전 세계적으로 사용되는 공식 보정 앱으로, 영상 및 얼굴 보정 기능을 실제로 제공합니다.""}], ""issues"": [""[검증완료] 실제 앱 기능 기반"", ""[투명성] 일반적인 홍보 방식""]}",,https://i.ytimg.com/vi/_s7ecxfSCDI/hqdefault.jpg,剧情_多项美容_女采访_01_KR_MT_KOL_wlj2_vid_竖版_20250714.mov,1771143430,245095
2qhtOBAcT8k,,예서니까,,,2023-08-23T11:00:02Z,,,https://i.ytimg.com/vi/2qhtOBAcT8k/hqdefault.jpg,자살충동 심할 때 그린 그림 VS 아닐 때 그린 그림,1771190694,571591
U63kQkHHPAA,,Video ad upload channel for 401-258-0395,,,2025-11-21T15:31:06Z,"{""summary"": ""브랜드 이미지를 강조한 광고로, 검증이 필요한 구체적 주장이 없습니다."", ""patent_check"": null, ""consultation"": ""사실적 정보가 없는 브랜드 캠페인 광고입니다. 서비스 이용 시 해당 플랫폼의 약관이나 실제 제공 기능을 별도로 확인하시기 바랍니다."", ""reliability_level"": ""안전"", ""evidence"": [{""url"": null, ""source"": ""KIPRIS 특허 검색 및 광고 분석"", ""fact"": ""광고 내에 특허, 효능, 성분 등 사실 관계를 검증할 만한 구체적인 수치나 기술적 주장이 포함되어 있지 않습니다.""}, {""url"": null, ""source"": ""브랜드 검색 결과"", ""fact"": ""틴덕(Teenduck)은 플랫폼 또는 브랜드명으로 추정되며, 해당 스크립트는 기능 설명보다 감성적 메시지 전달에 집중하고 있습니다.""}], ""issues"": [""구체적 정보 부재"", ""단순 브랜드 광고""]}",,https://i.ytimg.com/vi/U63kQkHHPAA/hqdefault.jpg,"Shortened: 나만의 속도로, 새로운 시작 #틴더 #tinder",1770802504,6
D9aN-uWP9YY,,당근,,,2025-10-27T23:00:17Z,"{""summary"": ""브랜드 명칭을 활용한 언어유희 중심의 브랜드 캠페인으로, 기만적이거나 허위인 정보가 없습니다."", ""patent_check"": null, ""consultation"": ""브랜드 인지도 향상을 위한 창의적 광고입니다. 허위·과장 광고 요소가 없으므로 안심하고 시청하시기 바랍니다."", ""reliability_level"": ""안전"", ""evidence"": [{""url"": null, ""source"": ""당근(Danggeun) 공식 브랜드 캠페인"", ""fact"": ""해당 광고는 지역 생활 커뮤니티 서비스 '당근'의 브랜드 가치를 전달하기 위한 감성 마케팅 영상입니다.""}, {""url"": null, ""source"": ""식약처 및 표시광고법 가이드라인"", ""fact"": ""식품의 효능이나 의학적 성과를 주장하는 내용이 없으며, 단순 브랜드 이미지 제고를 목적으로 합니다.""}], ""issues"": [""[언어유희] '삶은 당근' 중의적 표현"", ""[이미지광고] 서비스 홍보용 콘텐츠""]}",,https://i.ytimg.com/vi/D9aN-uWP9YY/hqdefault.jpg,나를 둘러싼 모든 삶은 당근으로 굴러간다,1771772805,10858961
KEvneHuVIgA,,결혼정보회사 아로하,,,2025-07-29T03:14:12Z,"{""summary"": ""신원 검증 및 성혼 중심의 표준적인 결혼정보 서비스 광고입니다."", ""patent_check"": null, ""consultation"": ""가입 전 성혼의 정의(교제 시점 vs 결혼 시점)와 중도 해지 시 환불 규정을 약관을 통해 반드시 확인하십시오."", ""reliability_level"": ""안전"", ""evidence"": [{""url"": null, ""source"": ""국내 결혼정보업계 현황"", ""fact"": ""아로아(AROA)는 실재하는 결혼정보 서비스 브랜드이며, 광고 내 신원 검증 프로세스는 관련 법령에 따른 표준 절차와 일치합니다.""}, {""url"": null, ""source"": ""KIPRIS 특허 검색"", ""fact"": ""해당 서비스와 관련된 기술적 특허 주장이 없으며, 서비스 모델 위주의 광고로 확인됩니다.""}], ""issues"": [""성혼 기준 확인 필요"", ""개인별 매칭 편차""]}",,https://i.ytimg.com/vi/KEvneHuVIgA/hqdefault.jpg,결혼을 위한 현명한 선택! 23년 성혼전문 아로하 #shorts #결혼정보회사 #아로하결혼정보,1770802361,2067945
JgEy02tlps8,,Video ad upload channel for 291-893-8247,,,2026-01-09T17:36:36Z,"{""summary"": ""의학적 근거에 기반하여 수술 가능 시기와 주의사항을 객관적으로 안내하는 정보성 광고입니다."", ""patent_check"": null, ""consultation"": ""전문의와의 상담과 정밀 검사의 중요성을 올바르게 전달하고 있습니다. 개인의 눈 상태에 따른 신중한 선택을 권장합니다."", ""reliability_level"": ""안전"", ""evidence"": [{""url"": null, ""source"": ""일반 의학 가이드라인"", ""fact"": ""만 18세 이후 성장이 멈추고 6개월 이상 시력 변화가 없을 때 시력교정술이 가능하다는 설명은 일반적인 의학적 사실에 부합합니다.""}], ""issues"": [""[정보전달] 성인 시기 수술 적합성 안내"", ""[검사강조] 개인별 시력 변화 확인 강조""]}",,https://i.ytimg.com/vi/JgEy02tlps8/hqdefault.jpg,"Blurry: 스마일라식, 학생에게 진짜 중요한 포인트는? 많이 받는 질문까지 정리! [강남서울밝은안과]",1771130590,6
PPXIhl4qrT4,,Video ad upload channel for 362-960-4250,,,2025-12-08T14:13:54Z,,,https://i.ytimg.com/vi/PPXIhl4qrT4/hqdefault.jpg,Vertical: unknown,1771069211,40
N2U2hGb6fUA,,틱장애한의사,,,2025-07-02T09:02:04Z,"{""summary"": ""의학적 근거를 바탕으로 틱 장애와 강박적 습관의 차이를 정확히 설명하는 정보성 콘텐츠입니다."", ""patent_check"": null, ""consultation"": ""설명 내용이 의학적으로 타당합니다. 다만, 자녀의 증상이 일상에 지장을 줄 정도라면 전문의를 통한 정확한 진단을 권장합니다."", ""reliability_level"": ""안전"", ""evidence"": [{""url"": ""https://www.psychiatry.org/psychiatrists/practice/dsm"", ""source"": ""정신질환 진단 및 통계 매뉴얼(DSM-5)"", ""fact"": ""손톱 물어뜯기는 틱 장애와 별개인 '신체 중심 반복 행동(BFRB)'으로 분류되며, 이는 의학적 사실과 일치합니다.""}, {""url"": ""https://health.kdca.go.kr"", ""source"": ""국가건강정보포털"", ""fact"": ""틱은 전조 감각 충동에 의한 불수의적 움직임인 반면, 손톱 물어뜯기는 긴장 해소를 위한 습관적 행동으로 구분됩니다.""}], ""issues"": [""[정보정확성] 틱과 습관의 의학적 구분"", ""[과학적근거] 전조감각 기제 설명 적절"", ""[과장없음] 특정 제품 판매 유도 부재""]}",,https://i.ytimg.com/vi/N2U2hGb6fUA/hqdefault.jpg,"틱 증상과 손톱 물어뜯는 버릇, 어떻게 다를까요? #shorts",1771155397,1050507
SsrT2xJU3zw,,이대영의 새길TV [척추·관절],,,2025-03-31T07:00:40Z,"{""summary"": ""대학병원 불신 조장 및 수술에 대한 공포 마케팅으로 소비자 판단을 흐리게 하여 위험합니다."", ""patent_check"": null, ""consultation"": ""특정 치료를 유도하기 위해 전문 의료기관을 비방하는 광고에 주의하십시오. 통증 치료는 반드시 공인된 전문의와 상담하십시오."", ""reliability_level"": ""위험"", ""evidence"": [{""url"": ""https://www.law.go.kr"", ""source"": ""의료법 제56조 및 광고 심의 기준"", ""fact"": ""다른 의료기관을 비방하거나 수술 부작용만을 강조하여 공포를 조성하는 광고는 법적으로 금지됩니다.""}, {""url"": null, ""source"": ""일반 의학 정보 (정형외과/신경외과)"", ""fact"": ""대학병원에서도 환자 상태에 따라 비수술적 치료를 우선하며, 수술이 몸을 늙게 한다는 주장은 의학적 근거가 없습니다.""}], ""issues"": [""[의료왜곡] 대학병원 진료 방식 비하"", ""[공포조장] 수술 시 노화 가속 주장"", ""[근거부족] 조기치료 불가설 유포""]}",,https://i.ytimg.com/vi/SsrT2xJU3zw/hqdefault.jpg,대학병원이 허리수술을 미루는 진짜 이유 🏥 #shorts,1771156844,7964296
pMMHJT3pXRQ,,그루밍맨,,,2026-01-07T12:32:17Z,"{""summary"": ""[근거 없는 확언] 때문이며, 이는 개인의 주관적 경험을 절대적 사실처럼 보장하여 주의가 필요합니다."", ""patent_check"": null, ""consultation"": ""개인의 모질과 환경에 따라 사용감이 다를 수 있으니, '맹세'와 같은 감정적 표현보다는 성분과 실제 리뷰를 참고하십시오."", ""reliability_level"": ""주의"", ""evidence"": [{""url"": null, ""source"": ""제품 정보 확인"", ""fact"": ""언급된 '니제르', '포뷰트', '오브' 등은 실제 시판 중인 헤어 제품들이나 효능은 주관적입니다.""}, {""url"": null, ""source"": ""스크립트 내용 분석"", ""fact"": ""작성자가 과거 광고 협찬 사실을 언급하면서도 현재는 아니라는 점을 감성적으로 호소하고 있습니다.""}], ""issues"": [""[비과학적 확언] 진신의 맹세 등 과도한 보장"", ""[주관적 평가] 객관적 지표 없는 고정력 강조"", ""[광고 모호성] 과거 협찬 이력 제품 포함""]}",,https://i.ytimg.com/vi/pMMHJT3pXRQ/hqdefault.jpg,광고❌ 한달 써보고 얘기하는 남자 헤어 제품 10개 솔직 리뷰 I 브랜드가 싫어하는 밍맨리뷰 EP.2,1771132509,6643
sIfsv2zioqE,,Video ad upload channel for 650-954-1795,,,2026-02-13T11:31:20Z,"{""summary"": ""의학적 근거가 충분한 스트레칭 및 온열 요법을 권장하는 정보성 콘텐츠로 신뢰할 수 있습니다."", ""patent_check"": null, ""consultation"": ""제시된 운동법은 안전한 예방법입니다. 다만, 이미 통증이 심하거나 팔이 올라가지 않는 경우 반드시 정형외과 전문의의 진단을 받으십시오."", ""reliability_level"": ""안전"", ""evidence"": [{""url"": ""https://www.koa.or.kr"", ""source"": ""대한정형외과학회(KOA)"", ""fact"": ""오십견(유착성 관절낭염)의 기본 치료는 관절 가동 범위를 넓히는 스트레칭과 근육 이완을 돕는 온찜질입니다.""}, {""url"": ""https://health.kdca.go.kr"", ""source"": ""국가건강정보포털"", ""fact"": ""꾸준한 스트레칭은 어깨 관절의 경직을 예방하며, 온열 요법은 혈류를 개선하여 통증 완화에 효과적입니다.""}], ""issues"": [""[정보성] 검증된 스트레칭 안내"", ""[과학적] 온열 요법의 효능 설명""]}",,https://i.ytimg.com/vi/sIfsv2zioqE/hqdefault.jpg,"Blurry: [KNN건강튜브] 오십견을 예방하는 어깨 스트레칭, 다 같이 따라 해봅시다!",1771155670,58
nQQL4eo3By0,5,iSharingSoft,,95,2025-01-30T21:05:42Z,"{""summary"": ""실제 서비스 중인 앱의 위치 공유 기능을 정직하게 묘사한 광고입니다."", ""patent_check"": null, ""consultation"": ""실제 서비스 기능을 정확히 전달하고 있습니다. 위치 공유 시 사생활 보호를 위해 가족 등 신뢰할 수 있는 대상과만 연결하시기 바랍니다."", ""reliability_level"": ""안전"", ""evidence"": [{""url"": ""https://play.google.com/store/apps/details?id=com.isharing.isharing"", ""source"": ""Google Play 스토어 및 App Store"", ""fact"": ""아이쉐어링은 실시간 위치 확인 및 장소 알림 기능을 제공하는 실제 앱 서비스입니다.""}, {""url"": ""https://isharingsoft.com/ko/"", ""source"": ""아이쉐어링 공식 홈페이지"", ""fact"": ""광고에서 언급된 실시간 동선 파악 및 위치 공유 기능이 앱의 핵심 기능임을 확인했습니다.""}], ""issues"": [""특이사항 없음""]}",D:\Files\Leaning\sprint_backend\Extraction_nQQL4eo3By0,https://i.ytimg.com/vi/nQQL4eo3By0/hqdefault.jpg,엄마 껌딱지도 안심하는 가족 위치확인앱 아이쉐어링 - GPS Tracker iSharing [KR],1770734251,3931877
Q4Muid9SMUY,,뉴욕세끼 NYeat,,,2025-10-14T11:05:00Z,"{""summary"": ""양키 스타디움 내 실제 판매 중인 고가 메뉴와 좌석에 대한 주관적 체험 리뷰입니다."", ""patent_check"": null, ""consultation"": ""언급된 가격과 음식 구성은 사실에 부합하며, 맛에 대한 평가는 개인의 주관이므로 참고용으로만 확인하십시오."", ""reliability_level"": ""안전"", ""evidence"": [{""url"": ""https://www.mlb.com/yankees/ballpark/information/dining-guide"", ""source"": ""Yankee Stadium Official Dining Guide"", ""fact"": ""양키 스타디움에는 Lobel's(프라임 등심 스테이크) 및 유명 셰프 브랜드가 실제로 입점해 있습니다.""}, {""url"": null, ""source"": ""Ticketmaster / MLB Secondary Market"", ""fact"": ""정규 시즌 2층(Main Level) 좌석은 상대 팀과 요일에 따라 인당 $300~$400 이상으로 거래됩니다.""}], ""issues"": [""주관적 미식 평가"", ""경기별 티켓 가격 변동""]}",,https://i.ytimg.com/vi/Q4Muid9SMUY/hqdefault.jpg,설국열차급 급 나누기가 일상인 미국,1770804440,2320093
vYT03_Fbdho,5,푸짐스,,95,2025-12-10T07:43:59Z,"{""summary"": ""개인적인 취향에 기반한 제품 추천으로 정보가 사실과 일치함."", ""patent_check"": null, ""consultation"": ""주관적인 맛 평가와 실제 시장 정보를 바탕으로 한 리뷰입니다. 개인의 기호에 맞춰 구매를 결정하십시오."", ""reliability_level"": ""안전"", ""evidence"": [{""url"": null, ""source"": ""식품 유통 정보"", ""fact"": ""오뚜기 쇠고기 미역국 라면, 팔도 라볶이, 더미식 해물짬뽕 모두 시중에 정식 판매 중인 제품입니다.""}, {""url"": null, ""source"": ""온라인 쇼핑몰 가격 비교"", ""fact"": ""더미식 해물짬뽕의 가격은 2개입 기준 약 6,000원대로, 스크립트 내 가격 정보가 실제와 부합합니다.""}], ""issues"": []}",/Users/dohyeonkim/Documents/Documents - MacBook Pro dk/00_Projects/스프린트/sprint_backend/Extraction_vYT03_Fbdho,https://i.ytimg.com/vi/vYT03_Fbdho/hqdefault.jpg,저는 이 라면들 맛있던데 왜 호불호가 있는지,1770567025,5966137
W9v5Y4QujzM,,치즈 사하야담,,,2026-02-05T07:48:30Z,,,https://i.ytimg.com/vi/W9v5Y4QujzM/hqdefault.jpg,아주 얇은 점프맵,1770647451,212213
Q3NbZNBpD-k,,또리유 DDOLEEU,,,2025-05-09T02:00:18Z,"{""summary"": ""절대적 효능 표현(다 제거) 및 일반 화장품의 항균 작용 주장으로 인해 주의가 필요한 광고입니다."", ""patent_check"": null, ""consultation"": ""단기적 효과나 절대적 제거 확언에 주의하십시오. 화장품은 세정 보조 수단일 뿐이며, '간질간질'한 자극은 피부 타입에 따라 부작용이 될 수 있습니다."", ""reliability_level"": ""주의"", ""evidence"": [{""url"": ""https://www.mfds.go.kr"", ""source"": ""식약처 표시·광고 가이드라인"", ""fact"": ""일반 화장품 광고에서 '다 제거', '항균' 등 치료 효과로 오인될 수 있는 절대적·의학적 표현은 금지되어 있습니다.""}, {""url"": null, ""source"": ""KIPRIS 특허 검색"", ""fact"": ""'홀리바질' 함유 화장료 특허는 존재하나, 피지와 블랙헤드를 완벽히 제거한다는 임상적 결과는 광고 문구와 대조 시 과장된 측면이 있습니다.""}], ""issues"": [""[과대광고] '다 제거' 등 절대적 효능 확언"", ""[효능과장] 일반 화장품의 항균 작용 주장"", ""[표기오류] 한균, 노불 등 다수의 오타 발견""]}",,https://i.ytimg.com/vi/Q3NbZNBpD-k/hqdefault.jpg,#광고 간질간질보글보글모공이 청소되는느낌을 받아보세요!,1771154482,9019
9YKClC8VZLc,,HANGAME,,,2025-12-09T02:47:45Z,"{""summary"": ""제품 정보 없이 자극적인 대사로 호기심만 자극하며, 실제 서비스 내용을 은폐하고 있습니다."", ""patent_check"": null, ""consultation"": ""서비스의 정체를 숨긴 낚시성 광고입니다. 불법 도박이나 사기성 사이트로 연결될 가능성이 높으니 주의하십시오."", ""reliability_level"": ""정보 부족"", ""evidence"": [{""url"": null, ""source"": ""스크립트 내용 분석"", ""fact"": ""영화 '타짜'의 대사를 인용한 것으로 보이며, 제품의 기능이나 서비스의 정체에 대한 어떠한 객관적 정보도 포함되어 있지 않습니다.""}], ""issues"": [""[정보은폐] 광고 대상 정보 전무"", ""[사행성] 도박 관련 은어 사용"", ""[기만유도] 근거 없는 감각 강조""]}",,https://i.ytimg.com/vi/9YKClC8VZLc/hqdefault.jpg,251209_HPM_KR_[글랜_CGC_BG_크리에이터_하하_I]_영상_25_1080X1920_260220,1771181290,10808841
gQB20LsiccQ,,Tinder Korea,,,2026-02-09T05:02:48Z,"{""summary"": ""구체적인 기술력이나 수치 제시가 없는 단순 앱 체험 위주의 스크립트로 신뢰도 판단 근거가 부족합니다."", ""patent_check"": null, ""consultation"": ""단순 오락용 운세 서비스로 보입니다. 과도한 맹신은 지양하고, 서비스 이용 시 개인정보 수집 범위를 확인하십시오."", ""reliability_level"": ""정보 부족"", ""evidence"": [{""url"": null, ""source"": ""Google 검색 및 서비스 확인"", ""fact"": ""'킨더로가'는 MBTI, 심리테스트, 운세 등 오락용 콘텐츠를 제공하는 서비스로 확인됩니다.""}, {""url"": null, ""source"": ""광고 스크립트 분석"", ""fact"": ""특허, 인증, 전문적 효능 등 법적 검증이 필요한 핵심 주장이 포함되어 있지 않습니다.""}], ""issues"": [""[근거부재] 객관적 데이터 없는 주관적 평가"", ""[모호함] 서비스 실체에 대한 구체적 설명 부족""]}",,https://i.ytimg.com/vi/gQB20LsiccQ/hqdefault.jpg,나랑 같이 경도할 친구 틴더에서 찾아봐 #틴더 #tinder #틴더타로 #틴더2026,1771054847,720756
NmnVW1x1nHk,,냥코대전쟁 공식 채널,,,2025-01-04T10:34:33Z,,,https://i.ytimg.com/vi/NmnVW1x1nHk/hqdefault.jpg,나만의 냥코 군단을 만들자냥,1772006755,132834
hC-xCVm0BCI,,TikTok Lite JP,,,2026-02-12T09:46:19Z,,,https://i.ytimg.com/vi/hC-xCVm0BCI/hqdefault.jpg,cid=ff26b3932545ec7abdb61180e8b9723e,1771078532,478804
Y_WlTRa9swg,,회사원A,,,2025-09-21T10:00:58Z,"{""summary"": ""최상급 표현(가장 안전) 사용 및 개인 측정 결과의 객관화로 인한 오인 우려가 있어 주의가 필요합니다."", ""patent_check"": null, ""consultation"": ""개인적인 사용 후기와 측정값은 환경에 따라 편차가 크므로 맹신해서는 안 됩니다. 주름 개선 등 의학적 효과를 기대한다면 식약처 허가를 받은 의료기기인지 반드시 확인하십시오."", ""reliability_level"": ""주의"", ""evidence"": [{""url"": null, ""source"": ""식약처 광고 심의 가이드라인"", ""fact"": ""공산품인 미용기기를 의료기기로 오인하게 하거나 '주름 개선', '콜라겐 합성' 등 의학적 효능을 확정적으로 표현하는 것은 금지됨.""}, {""url"": null, ""source"": ""KIPRIS 및 일반 검색"", ""fact"": ""광고 내 '쿼드세라', '인젝티어' 등 제품의 기술적 특허 번호가 명시되지 않았으며, '가장 안전한 디바이스'라는 주장에 대한 공인된 통계 근거가 부족함.""}], ""issues"": [""[최상급표현] 근거 없는 '가장 안전' 주장"", ""[객관성부족] 개인 장비 수치를 일반화"", ""[의학효능] 미검증 콜라겐 합성 효과 언급""]}",,https://i.ytimg.com/vi/Y_WlTRa9swg/hqdefault.jpg,비싼 LDM 디바이스 제대로 구매해서 뽕 뽑으셔요🥰 디바이스에 몇 천만 원 쓴 여자 LDM 초음파 디바이스 편✨,1771912003,153338
2M06ZaHhlY0,,리뷰야놀자,,,2026-02-06T09:55:48Z,"{""summary"": ""금 시세 허위 정보(2배 이상 부풀림) 및 비현실적인 고수익 보상 체계로 인한 기만적 광고입니다."", ""patent_check"": null, ""consultation"": ""객관적 시세부터 허위인 광고입니다. 개인정보 유출 및 과도한 시간 낭비 가능성이 높으므로 서비스 이용에 각별히 주의하십시오."", ""reliability_level"": ""위험"", ""evidence"": [{""url"": ""https://www.krx.co.kr"", ""source"": ""한국거래소(KRX) 금시장 시세"", ""fact"": ""현재 금 1g 시세는 약 11~12만 원대이며, 광고 속 26만 7천 원은 명백한 허위 정보입니다.""}, {""url"": null, ""source"": ""보상형 앱(앱테크) 소비자 주의보"", ""fact"": ""광고 시청 및 리뷰만으로 수십만 원 상당의 실물을 단기간에 지급하는 수익 구조는 현실적으로 불가능합니다.""}], ""issues"": [""[시세왜곡] 1g 가격을 시장가 2배로 부풀림"", ""[허위보장] 단순 미션으로 단기간 고수익 확언"", ""[사행유도] 다단계식 친구 초대 및 광고 강제""]}",,https://i.ytimg.com/vi/2M06ZaHhlY0/hqdefault.jpg,요즘은 앱에서 금을 준다고?,1771074207,453988
StXvtaaEk7k,,플로버드루와,,,2026-02-10T11:00:00Z,"{""summary"": ""구체적인 제품명이나 효능 주장이 없어 신뢰성 검증이 불가능합니다."", ""patent_check"": null, ""consultation"": ""광고 대상과 구체적인 약속/효능이 명시되지 않았으므로, 추가적인 정보를 확인하기 전까지는 판단을 유보해야 합니다."", ""reliability_level"": ""정보 부족"", ""evidence"": [{""url"": null, ""source"": ""제공된 광고 스크립트 분석"", ""fact"": ""스크립트에 제품명, 성분, 특허 번호 등 객관적으로 검증할 만한 수치나 기술적 내용이 포함되어 있지 않습니다.""}, {""url"": null, ""source"": ""언어적 분석"", ""fact"": ""'이기자'를 거꾸로 하면 '자기이'가 되며, 이는 통상적인 언어유희(자기야 등)로 보이나 상업적 광고로서의 정보는 확인되지 않습니다.""}], ""issues"": [""구체적 정보 부재"", ""검증 가능한 주장 없음""]}",,https://i.ytimg.com/vi/StXvtaaEk7k/hqdefault.jpg,팬들 속 뒤집어지게 만든 이나경 전설의 라방,1770804136,326158
F7LOm2YntzI,,두원공과대학교,,,2026-02-03T05:25:03Z,,,https://i.ytimg.com/vi/F7LOm2YntzI/hqdefault.jpg,2026학년도 두원공과대학교 신입생 자율모집,1770647665,172550
L6u-v0MUPoM,,Hello Rivvy,,,2026-01-07T07:50:05Z,"{""summary"": ""검증 가능한 제품 정보나 구체적인 주장이 포함되지 않아 광고의 신뢰성을 판단할 수 없습니다."", ""patent_check"": null, ""consultation"": ""제공된 내용만으로는 신뢰성 판단이 불가능합니다. 제품의 상세 페이지에서 식약처 인증 여부와 구체적 효능을 확인하십시오."", ""reliability_level"": ""정보 부족"", ""evidence"": [{""url"": null, ""source"": ""광고 스크립트 분석"", ""fact"": ""제공된 스크립트에는 음악 기호와 'Heat'라는 단어 외에 제품명, 성분, 효능 등 어떠한 정보도 포함되어 있지 않습니다.""}], ""issues"": [""[정보부족] 분석 가능한 주장 없음""]}",,https://i.ytimg.com/vi/L6u-v0MUPoM/hqdefault.jpg,Eternal Hero,1772007385,996961
ANsl82DuNAk,,여드름 탈출 클럽,,,2026-01-29T03:33:46Z,"{""summary"": ""[의학적 과장] 때문이며, 이는 화장품을 치료제로 오인하게 하는 비과학적 주장과 대조되어 위험합니다."", ""patent_check"": null, ""consultation"": ""화장품은 치료제가 아닙니다. '균 사멸'이나 '피부 부위별 반응' 등의 비과학적 상술에 주의하고 전문의와 상담하십시오."", ""reliability_level"": ""위험"", ""evidence"": [{""url"": ""https://www.mfds.go.kr"", ""source"": ""식약처 화장품 표시·광고 관리 가이드라인"", ""fact"": ""화장품 광고 시 '질병 치료', '균 사멸' 등 의학적 효능을 암시하는 표현은 의약품 오인 광고로 엄격히 금지됨.""}, {""url"": null, ""source"": ""대한피부과학회 및 관련 학술 자료"", ""fact"": ""특정 피부 부위에 따라 거품의 양이 눈에 띄게 달라진다는 주장은 과학적 근거가 없으며 검증되지 않은 마케팅 수법임.""}], ""issues"": [""[의학적 과장] 여드름균 사멸 등 치료 효과 표방"", ""[비과학적] 여드름 부위별 거품 양 차이 주장"", ""[오인유발] 피부과 사용 제품이라며 신뢰도 기만""]}",,https://i.ytimg.com/vi/ANsl82DuNAk/hqdefault.jpg,260119_레드스팟_영상_여드름_안믿어_MS_인트로2.mp4,1771143609,1029098
B6S7CIMGwx8,,오녜,,,2026-02-06T08:17:00Z,"{""summary"": ""게임 내 시스템(마인크래프트)을 활용한 창작물로, 실생활 제품에 대한 기만적 광고 요소가 없습니다."", ""patent_check"": null, ""consultation"": ""본 스크립트는 게임 팁을 전달하는 영상의 내용이며, 소비자를 현혹하는 허위 특허나 의학적 과대광고가 전혀 포함되어 있지 않습니다."", ""reliability_level"": ""안전"", ""evidence"": [{""url"": ""https://minecraft.fandom.com/wiki/Sponge"", ""source"": ""Minecraft Wiki"", ""fact"": ""마인크래프트 게임 내에서 젖은 스펀지는 '지옥(The Nether)' 차원에 놓을 경우 즉시 마르는 기믹이 존재합니다.""}], ""issues"": [""[정보: 게임 내 기믹 설명]"", ""[사실: 게임 메커니즘과 일치]""]}",,https://i.ytimg.com/vi/B6S7CIMGwx8/hqdefault.jpg,정말로 끝났다고 생각해?,1771190501,1942544
Df2FspqSVRc,,홈공간팁스,,,2026-02-21T09:54:33Z,,,https://i.ytimg.com/vi/Df2FspqSVRc/hqdefault.jpg,이런 과일 디저트 본적 있어요? 만드는 방법알아냄ㅋㅋ,1771772921,197698
Ltbxw_4SmM8,,빵또A,,,2026-02-03T03:16:18Z,"{""summary"": ""제품 주장이나 기술적 설명이 전혀 포함되지 않은 노래 가사 위주의 스크립트로 검증이 불가능합니다."", ""patent_check"": null, ""consultation"": ""해당 내용은 상업적 광고의 핵심 주장이 결여되어 있어 신뢰성을 평가할 수 없으므로, 실제 제품 정보를 확인하시기 바랍니다."", ""reliability_level"": ""정보 부족"", ""evidence"": [{""url"": null, ""source"": ""스크립트 내용 분석"", ""fact"": ""제공된 텍스트는 'Stay', 'Shape of You', 'Sorry' 등 유명 팝송의 가사들로만 구성되어 있습니다.""}], ""issues"": [""[정보 부재] 구체적인 제품명이나 서비스 설명 없음"", ""[검증 불가] 기술적 주장이나 효능 언급 부재""]}",,https://i.ytimg.com/vi/Ltbxw_4SmM8/hqdefault.jpg,그때 우리 다 이 노래만 들었잖아..  2010년대 추억 소환 팝송 모음,1771945288,45431
E2lqbIl7rrU,,RiseGuide: Expert Insights,,,2026-02-01T16:41:08Z,"{""summary"": ""[과장된 확언] 때문이며, 28일 만의 극적 변화는 과학적 근거가 부족하여 주의가 필요합니다."", ""patent_check"": null, ""consultation"": ""단기 속성 보장에 현혹되지 마십시오. 퀴즈 후 유료 결제 시 환불 규정을 반드시 확인하고 무료 샘플 강의 여부를 파악하십시오."", ""reliability_level"": ""주의"", ""evidence"": [{""url"": null, ""source"": ""학습 심리학 및 습관 형성 이론"", ""fact"": ""일반적으로 습관 형성과 기술 숙달에는 개인차가 크며, 28일이라는 단기간에 '완전히 다른 사람'이 된다는 보장은 과학적 근거가 약합니다.""}, {""url"": null, ""source"": ""온라인 코칭 광고 분석"", ""fact"": ""특정 업체명이나 공인된 인증 정보 없이 '개인 맞춤형 플랜'을 강조하는 방식은 주로 유료 구독 결제를 유도하는 전형적인 마케팅 기법입니다.""}], ""issues"": [""[과장광고] 28일 내 완벽 소통 보장"", ""[심리압박] 전문성 낭비라며 불안 조성"", ""[근거미흡] 구체적 커리큘럼 정보 부재""]}",,https://i.ytimg.com/vi/E2lqbIl7rrU/hqdefault.jpg,10220_2_ENG.mp4,1771070343,4663087
SuK7HC0N4c0,,애니인포,,,2026-02-07T12:25:15Z,,,https://i.ytimg.com/vi/SuK7HC0N4c0/hqdefault.jpg,미카사가 죽이려한 처자들 모음,1770645792,10833
7cbRq7jC5L0,,충청대학교방송광고제작과,,,2017-10-26T15:32:38Z,,,https://i.ytimg.com/vi/7cbRq7jC5L0/hqdefault.jpg,상품광고_롯데 HOT Six,1771835176,1058
Y680Qu1VPi0,,용쥬르이용주,,,2026-01-31T11:00:55Z,"{""summary"": ""유머 기반의 브랜디드 콘텐츠(PPL)이며, 기만적인 허위 특허나 위협적인 마케팅 요소가 없습니다."", ""patent_check"": null, ""consultation"": ""유명 크리에이터의 오락용 브랜디드 콘텐츠입니다. 라면이 소화를 돕는다는 등의 표현은 유머로만 이해하시고, 사행성 게임 이용 시 과몰입에 주의하십시오."", ""reliability_level"": ""안전"", ""evidence"": [{""url"": null, ""source"": ""Google 검색 및 콘텐츠 분석"", ""fact"": ""영상 내 언급된 '한게임'은 NHN에서 운영하는 합법적인 게임 서비스이며, 게임 도구 협찬을 명시한 PPL로 판단됩니다.""}, {""url"": null, ""source"": ""식약처 광고 심의 가이드라인"", ""fact"": ""\""2년 중 가장 맛있다\"" 등의 주관적 맛 평가는 사회통념상 허용되는 '해학적 표현(Puffery)'에 해당하여 위반으로 보기 어렵습니다.""}], ""issues"": [""[희극적과장] 라면이 소화를 돕는다는 농담성 발언"", ""[단순PPL] 특정 게임 서비스의 간접광고 포함""]}",,https://i.ytimg.com/vi/Y680Qu1VPi0/hqdefault.jpg,(긴급 복구) 파자마 파티로 선민이네 집 급습 브이로그,1771773235,532168
OnBbqYJtWHo,,오브제TV,,,2026-01-16T09:00:43Z,"{""summary"": ""가족 시술 사례를 이용한 심리적 신뢰 유도 방식이며, 객관적 지표와 부작용 안내가 누락되어 주의가 필요합니다."", ""patent_check"": null, ""consultation"": ""수술 후기는 주관적이며 개인차가 크므로, 반드시 전문의와 충분한 상담을 통해 예상 부작용을 확인한 후 결정하시기 바랍니다."", ""reliability_level"": ""주의"", ""evidence"": [{""url"": ""https://www.law.go.kr/법령/의료법"", ""source"": ""의료법 제56조(의료광고의 금지 등)"", ""fact"": ""환자의 치료 경험담 등 소비자를 현혹할 우려가 있는 광고는 금지되며, 의료행위는 개인차에 따라 부작용이 발생할 수 있습니다.""}, {""url"": null, ""source"": ""식약처 및 의료기관 가이드라인"", ""fact"": ""안면거상술은 신경 손상, 흉터, 비대칭 등 부작용 위험이 실재하는 의료 행위이나, 해당 광고는 긍정적 결과만을 강조하고 있습니다.""}], ""issues"": [""[체험기형 홍보] 가족 사례를 통한 주관적 성과 강조"", ""[정보 불균형] 수술 부작용 및 위험성 설명 부재"", ""[일반화 오류] 개인적 만족도를 보편적 결과로 암시""]}",,https://i.ytimg.com/vi/OnBbqYJtWHo/hqdefault.jpg,"요즘 핫한 안면거상, 신종인 원장님이 꽂힌 이유는?! | 오브제성형외과 신종인 원장",1771156959,116889
IDSRgUC5bho,,대당쇼츠,,,2025-12-08T14:00:25Z,,,https://i.ytimg.com/vi/IDSRgUC5bho/hqdefault.jpg,꽉찬 300점   #4구  #3구 #당구  #billiard #승글징글 #대학당구,1770648099,180429
to4TF5lc1_I,,RiseGuide: Expert Insights,,,2026-02-06T08:47:34Z,"{""summary"": ""단기(28일) 내 승진 보장 등 과도한 성과 강조 및 개인적 경험의 일반화로 인한 주의 등급입니다."", ""patent_check"": null, ""consultation"": ""단순 훈련만으로 즉각적인 승진이 보장되지는 않습니다. 유료 결제 전 커리큘럼과 환불 규정을 꼼꼼히 확인하십시오."", ""reliability_level"": ""주의"", ""evidence"": [{""url"": null, ""source"": ""자기계발 서비스 마케팅 분석"", ""fact"": ""28일 만에 승진이 가능하다는 주장은 직장 환경과 개인 역량 등 외부 변수를 배제한 자의적 주장입니다.""}, {""url"": null, ""source"": ""공정거래위원회 광고 지침"", ""fact"": ""교육 서비스에서 단기간 내 비약적인 신분 상승이나 성과를 확언하는 행위는 소비자 오인 가능성이 큽니다.""}], ""issues"": [""[과도한 확언] 4주 내 승진 등 비현실적 성과"", ""[근거 부족] 9분 훈련의 객관적 효과 미비"", ""[심리 기만] '몰라보게 변한다'는 모호한 표현""]}",,https://i.ytimg.com/vi/to4TF5lc1_I/hqdefault.jpg,10320_2_ENG.mp4,1771142291,1355975
AEv21nH_q5w,,단단묵직,,,2026-02-06T02:51:38Z,"{""summary"": ""광고 스크립트 내 구체적인 주장이 포함되지 않아 신뢰성 분석을 위한 정보가 부족합니다."", ""patent_check"": null, ""consultation"": ""정확한 분석을 위해 제품명이나 구체적인 광고 문구가 포함된 전체 스크립트를 제공해 주시기 바랍니다."", ""reliability_level"": ""정보 부족"", ""evidence"": [{""url"": null, ""source"": ""광고 스크립트 원문"", ""fact"": ""제공된 스크립트에는 'Hat' 외에 제품의 효능, 특허, 인증 등에 관한 어떠한 정보도 포함되어 있지 않습니다.""}], ""issues"": [""[정보부족] 분석 가능한 구체적 주장 없음""]}",,https://i.ytimg.com/vi/AEv21nH_q5w/hqdefault.jpg,호로파 캡슐,1771670914,270753
-cdIrBLtcd4,95,REDILL,,5,2026-01-19T14:31:30Z,"{""summary"": ""유해물질 제로 주장 및 금연 효과에 대한 의학적 근거가 부족합니다."", ""patent_check"": null, ""consultation"": ""유해물질이 전혀 없다는 주장은 과학적 근거가 희박합니다. 금연을 원하신다면 식약처가 인증한 금연 보조제를 사용하시길 권장합니다."", ""reliability_level"": ""주의"", ""evidence"": [{""url"": ""https://www.mfds.go.kr"", ""source"": ""식품의약품안전처(KFDA)"", ""fact"": ""무니코틴 액상이라도 가열 및 기화 과정에서 포름알데히드 등 유해물질이 발생할 수 있어 '유해성 제로'는 단정하기 어렵습니다.""}, {""url"": null, ""source"": ""국민건강증진법/약사법"", ""fact"": ""의약외품으로 지정되지 않은 일반 전자담배를 금연 보조 효과가 있는 것으로 광고하는 것은 소비자 오인 소지가 있습니다.""}], ""issues"": [""유해물질 제로 과장"", ""금연 보조제 오인 우려"", ""의학적 검증 미비""]}",D:\Files\Leaning\sprint_backend\Extraction_-cdIrBLtcd4,https://i.ytimg.com/vi/-cdIrBLtcd4/hqdefault.jpg,아버지도 쉽게 금연하셨어요,1770790345,2228707
sbChiG8NkeA,,HANGAME,,,2025-12-18T08:05:03Z,"{""summary"": ""핵심 정보(제품명, 성분, 용도) 은닉 및 자극적 반응 중심의 광고로 신뢰성 확인이 불가능합니다."", ""patent_check"": null, ""consultation"": ""광고가 제품의 실체를 숨기고 반응만 강조한다면 허위·과장 광고일 가능성이 높으므로 주의가 필요합니다."", ""reliability_level"": ""정보 부족"", ""evidence"": [{""url"": null, ""source"": ""KIPRIS 및 웹 검색"", ""fact"": ""'스틸' 또는 '출복'과 관련된 공신력 있는 기능성 제품이나 특허 정보가 확인되지 않습니다.""}], ""issues"": [""[정보은닉] 제품의 정체와 효능에 대한 설명 없음"", ""[자극선동] '무섭다', '미쳤다' 등 주관적 감탄사만 남발"", ""[모호성] '스틸', '출복' 등 불분명한 용어 사용""]}",,https://i.ytimg.com/vi/sbChiG8NkeA/hqdefault.jpg,251218_HPM_KR_[글랜_CGC_BG_크리에이터_유라_C]_영상_22s_1080X1920_260317,1772005200,24196150
zcptVfrW4Yw,,storage53,,,2026-02-11T03:03:13Z,"{""summary"": ""의학적 효능 과장(잇몸 재생) 및 치아 탈락 공포 마케팅으로 인한 위험 등급입니다."", ""patent_check"": null, ""consultation"": ""잇몸 질환은 치과 전문의의 진단이 필수입니다. 식품을 의학적 치료제로 오인하지 않도록 주의가 필요합니다."", ""reliability_level"": ""위험"", ""evidence"": [{""url"": ""https://www.mfds.go.kr"", ""source"": ""식약처 광고 심의 가이드라인"", ""fact"": ""건강기능식품 및 일반식품의 '질병 예방 및 치료(잇몸 재생, 살균)' 효능 표방은 엄격히 금지됩니다.""}, {""url"": null, ""source"": ""KIPRIS 특허 검색"", ""fact"": ""코레비타 및 액상 접착 유산균 관련 잇몸 재생 특허 등록 내역이 확인되지 않습니다.""}], ""issues"": [""[과대광고] 식품을 잇몸 재생 치료제로 묘사"", ""[공포조장] 방치 시 치아 상실 위협"", ""[근거부족] 출처 불분명한 임상 수치 인용""]}",,https://i.ytimg.com/vi/zcptVfrW4Yw/hqdefault.jpg,지금이 제일 싸요,1771670735,19499
fpEtgTgW0wA,,홍프로디테,,,2024-01-14T09:11:17Z,,,https://i.ytimg.com/vi/fpEtgTgW0wA/hqdefault.jpg,-10kg다이어터 추천 #올리브영 #다이어트보조제 효과🔥급찐급빠 #다이어트 sos템 #내돈내산 #shorts,1771847145,48571
nrGYlDcC3tk,,WhoAI,,,2025-05-27T15:08:25Z,,,https://i.ytimg.com/vi/nrGYlDcC3tk/hqdefault.jpg,최근 AI 영상 제작 근황;;  #shortvideo #shrots #ai #veo3 #google #광고 #웃긴영상,1770646354,20799
TmoD4LJE0yI,,윤익혼대학,,,2026-02-12T10:30:17Z,"{""summary"": ""[정보 왜곡] 과거 공고 데이터를 미래 시점으로 오기입하여 소비자에게 혼선을 줄 수 있어 주의가 필요합니다."", ""patent_check"": null, ""consultation"": ""과거 수치를 기반으로 한 예상 정보이므로, 실제 지원금과 일정은 반드시 당해 연도 공식 모집 공고문을 확인하십시오."", ""reliability_level"": ""주의"", ""evidence"": [{""url"": ""https://www.k-startup.go.kr"", ""source"": ""중소벤처기업부 K-Startup 공고"", ""fact"": ""스크립트 내 언급된 예산(491억)과 규모(750명)는 2024년 예비창업패키지 공식 확정치이며, 2026년 공고는 현재 존재하지 않습니다.""}], ""issues"": [""[연도오류] 24년 지표를 26년 공고로 설명"", ""[추측발표] 확정되지 않은 지원금 증액 언급""]}",,https://i.ytimg.com/vi/TmoD4LJE0yI/hqdefault.jpg,2026 예비창업패키지 대비 필수 준비리스트!!,1771851967,4506
WmEjrZFVRB4,,걍밍경,,,2026-02-20T12:12:56Z,"{""summary"": ""제조 과정과 시연을 투명하게 공개한 브이로그형 광고이며, 의학적 오인 우려가 없어 안전합니다."", ""patent_check"": null, ""consultation"": ""일상적인 미용 효과를 강조하는 광고입니다. 다만, 자외선 차단 효과를 위해 정량을 바르는 것이 중요하므로 주의하십시오."", ""reliability_level"": ""안전"", ""evidence"": [{""url"": null, ""source"": ""식약처 화장품 광고 가이드라인"", ""fact"": ""피부 톤업, 모공 커버, 결 개선 등은 화장품의 일반적인 기능 범주에 해당하며 위반 사항이 없음.""}, {""url"": null, ""source"": ""제품 출시 정보"", ""fact"": ""출연자가 직접 개발에 참여한 스킨 틴트 제품으로, 허위 사실이나 기만적 정보가 발견되지 않음.""}], ""issues"": [""[주관적표현] '마스터피스' 등 주관적 만족 강조"", ""[기능확인] 선크림 대체 시 자외선 차단지수 확인 필요""]}",,https://i.ytimg.com/vi/WmEjrZFVRB4/hqdefault.jpg,독감에 입터진 나날들과 해리언니 생파,1771846899,539097
8GMOadh2pZ4,,노코인노래방,,,2026-02-17T05:00:14Z,"{""summary"": ""광고적 주장이나 제품 정보가 전혀 포함되지 않아 신뢰성을 판단할 수 없습니다."", ""patent_check"": null, ""consultation"": ""이 내용은 광고보다는 예술적 콘텐츠에 가깝습니다. 실제 구매 시에는 제품의 상세 페이지를 통해 객관적 정보를 반드시 확인하십시오."", ""reliability_level"": ""정보 부족"", ""evidence"": [{""url"": null, ""source"": ""광고 스크립트 분석"", ""fact"": ""스크립트 전체가 노래 가사 및 감성적 문구로만 구성되어 있으며, 특정 상품이나 서비스에 대한 구체적인 홍보 내용이 식별되지 않습니다.""}], ""issues"": [""[정보부재] 제품명 및 효능 정보 없음"", ""[평가불가] 검증 가능한 광고적 주장 부재""]}",,https://i.ytimg.com/vi/8GMOadh2pZ4/hqdefault.jpg,[COVER] 제주에 나타난 리틀 한로로?! I 화해(한로로) - 이여진 [노코인노래방],1771660931,355
z9zuov6qTVM,,HANGAME,,,2026-01-29T03:15:43Z,"{""summary"": ""광고 스크립트 내 구체적인 제품 정보나 검증 가능한 주장이 식별되지 않아 신뢰성 판단이 불가합니다."", ""patent_check"": null, ""consultation"": ""광고의 핵심 주장(성분, 특허, 효능 등)이 포함된 전체 내용을 확인하시기 바랍니다. 명확한 정보 없이 심리적 반응만 유도하는 광고는 주의가 필요합니다."", ""reliability_level"": ""정보 부족"", ""evidence"": [{""url"": null, ""source"": ""스크립트 분석"", ""fact"": ""제공된 스크립트는 '라데지', '가보' 등 문맥 확인이 어려운 단어와 감탄사로만 구성되어 있어 특정 제품이나 기술에 대한 주장을 포함하고 있지 않습니다.""}], ""issues"": [""[내용불명] 제품명 및 효능 파악 불가"", ""[정보부족] 검증 가능한 수치나 근거 없음""]}",,https://i.ytimg.com/vi/z9zuov6qTVM/hqdefault.jpg,260129_SUDDA_[CD팀_인플루언서_김민교_단초수_재경기8끗_승리]_세로형_260318,1771181301,1002559
Crtyotinok4,,깡스타일리스트,,,2025-12-07T02:45:00Z,"{""summary"": ""객관적 소재 정보와 할인 혜택을 안내하는 광고로, 허위 특허나 의학적 기만 요소가 없어 안전합니다."", ""patent_check"": null, ""consultation"": ""제품의 소재 및 기능 설명은 신뢰할 수 있습니다. 다만, 최저가 혜택은 특정 기간에만 적용되므로 구매 시점에 가격을 재비교하시기 바랍니다."", ""reliability_level"": ""안전"", ""evidence"": [{""url"": null, ""source"": ""Google 검색"", ""fact"": ""굿이어 웰트(Goodyear Welt) 및 오솔라이트(Ortholite)는 실제 신발 제조에 널리 쓰이는 공법 및 브랜드입니다.""}, {""url"": null, ""source"": ""KKST 공식 플랫폼"", ""fact"": ""블랙 프라이데이 기간 한정 할인 및 전용 쿠폰을 통한 프로모션 가격 안내가 실제 확인됩니다.""}], ""issues"": [""[최상급표현] 최저가·끝판왕 등 주관적 표현"", ""[심리적기만] 품절대란 언급으로 구매 재촉""]}",,https://i.ytimg.com/vi/Crtyotinok4/hqdefault.jpg,"이 신발 무조건입니다. 겨울 애착 신발 5가지 추천. 어그, 운동화, 부츠 까지",1771132777,57443
umHKc-CMDgo,,씨스터앤sisterann,,,2026-01-28T02:06:07Z,"{""summary"": ""의료 시술(리주란) 기술 전이 및 시술 대체 효과를 주장하는 과대광고로 소비자 오인 우려가 큽니다."", ""patent_check"": null, ""consultation"": ""화장품은 시술을 대체할 수 없으며, 미세침 성분은 피부 타입에 따라 강한 자극을 줄 수 있으니 주의가 필요합니다."", ""reliability_level"": ""위험"", ""evidence"": [{""url"": ""https://www.mfds.go.kr"", ""source"": ""식약처 화장품 표시·광고 관리 가이드라인"", ""fact"": ""화장품은 의료기기나 의학적 시술(리주란 등)의 효과를 표방하거나, 시술과 동일한 기술이 적용되었다는 표현을 사용할 수 없습니다.""}, {""url"": null, ""source"": ""의료 정보"", ""fact"": ""리주란은 PN 성분을 진피에 직접 주입하는 의료 시술이며, 도포형 미세침(스피큘) 화장품은 기전과 효과면에서 이를 대체할 수 없습니다.""}], ""issues"": [""[의료오인] 전문 시술 효과 대체 주장"", ""[과대광고] 화장품의 물리적 침투 강조"", ""[근거미흡] 구체적 임상 데이터 미제시""]}",,https://i.ytimg.com/vi/umHKc-CMDgo/hqdefault.jpg,KR_전환_260127_S-EGF_시술대체_9대16_D.mp4,1771071187,1590193
jJZYQLnt2qc,,피부백과,,,2025-11-21T01:24:34Z,"{""summary"": ""단기 개선 효과(3·7일) 과장 및 의학적 오인 소지가 다분함."", ""patent_check"": null, ""consultation"": ""화장품은 보조적인 관리 수단일 뿐 약을 대체할 수 없습니다. 단기 완치 광고에 현혹되지 말고 전문의와 상담하십시오."", ""reliability_level"": ""주의"", ""evidence"": [{""url"": ""https://www.mfds.go.kr"", ""source"": ""식약처 화장품 표시·광고 가이드라인"", ""fact"": ""화장품은 의약품이 아니므로 단기간(3일, 7일 등) 내에 여드름을 완치한다는 표현은 과대광고에 해당합니다.""}, {""url"": null, ""source"": ""대한피부과학회 및 성분 사전"", ""fact"": ""스쿠알란(쿠알란)은 보습 및 피부 보호 성분이며, 모공이 피지를 스스로 뱉게 한다는 생물학적 기전은 근거가 부족합니다.""}], ""issues"": [""효과 기간 과대광고"", ""의학적 오인 유도"", ""비과학적 기전 주장""]}",,https://i.ytimg.com/vi/jJZYQLnt2qc/hqdefault.jpg,250618_찐사춘앰플_인트로2.mp4,1770812802,18735
Jvi7fNcwMds,,KNN NEWS,,,2026-02-14T11:57:02Z,"{""summary"": ""공신력 있는 기관(CDC)의 통계를 인용하여 사실을 전달하는 보도형 정보로 확인됩니다."", ""patent_check"": null, ""consultation"": ""특정 제품을 판매하려는 광고가 아닌 보건 정보 전달 콘텐츠입니다. 제시된 통계는 신뢰 가능합니다."", ""reliability_level"": ""안전"", ""evidence"": [{""url"": ""https://www.cdc.gov/measles/cases-outbreaks.html"", ""source"": ""CDC (미국 질병통제예방센터)"", ""fact"": ""미국 내 홍역 사례 급증 및 접종률 하락에 대한 공식 보고서와 수치가 일치합니다.""}, {""url"": null, ""source"": ""주요 외신 보도"", ""fact"": ""미 행정부의 보건 정책 변화와 그에 따른 보건 학계의 우려가 실제 뉴스 내용과 부합합니다.""}], ""issues"": [""[사실보도] CDC 공식 통계 인용"", ""[공익성] 백신 접종 중요성 강조""]}",,https://i.ytimg.com/vi/Jvi7fNcwMds/hqdefault.jpg,"""후진국 감염병이라더니"" 비상 집단면역 '붕괴' 3천명 돌파 우려 / KNN",1771772853,187771
I6WMw6L53W0,0,과몰입훈련소,,100,2026-02-08T19:29:48Z,"{""summary"": ""넷플릭스 예능 '흑백요리사'의 실제 방송 장면을 요약한 영상입니다."", ""patent_check"": null, ""consultation"": ""특정 제품을 판매하기 위한 광고가 아니라 예능 프로그램의 리뷰/요약 콘텐츠입니다. 허위 사실이나 과장 광고의 요소는 없습니다."", ""reliability_level"": ""안전"", ""evidence"": [{""url"": null, ""source"": ""넷플릭스 '흑백요리사: 요리 계급 전쟁'"", ""fact"": ""출연자 '나폴리 마피아(권성준)'가 다른 참가자들을 심사하는 실제 방송 대사와 상황을 그대로 담고 있습니다.""}], ""issues"": [""제품 광고 아님"", ""방송 내용 기반""]}",D:\Files\Leaning\sprint_backend\Extraction_I6WMw6L53W0,https://i.ytimg.com/vi/I6WMw6L53W0/hqdefault.jpg,심사 시동걸기 시작한 나폴리 맛피아 ㄷㄷ #천하제빵,1770743556,2214897
fvXUZsXolVg,5,Video ad upload channel for 245-851-6458,,95,2026-01-28T22:50:54Z,"{""summary"": ""실제 운영 중인 데이팅 앱의 신규 서비스 소개 광고입니다."", ""patent_check"": null, ""consultation"": ""실존하는 서비스이나 데이팅 앱 특성상 허위 프로필이나 유료 결제 유도에 유의하며 사용하십시오."", ""reliability_level"": ""안전"", ""evidence"": [{""url"": ""https://play.google.com/store/apps/details?id=com.nrise.wippy"", ""source"": ""구글 검색/앱스토어"", ""fact"": ""'위피(WIPPY)'는 엔라이즈에서 운영하는 국내 상위권 데이팅 앱으로 실재하는 서비스입니다.""}, {""url"": null, ""source"": ""관련 보도자료"", ""fact"": ""최근 위피는 일본 시장 진출 및 한·일 사용자 간 매칭 서비스를 실제로 강화하고 있습니다.""}], ""issues"": [""데이팅 앱 공통 주의사항"", ""유료 결제 유도 가능성""]}",D:\Files\Leaning\sprint_backend\Extraction_fvXUZsXolVg,https://i.ytimg.com/vi/fvXUZsXolVg/hqdefault.jpg,Shortened: 크리에이터 황예랑3,1770735202,2
yRCrCHBZgFE,,동아제약 OFFICIAL,,,2025-07-17T23:35:08Z,"{""summary"": ""식약처 허가를 받은 일반의약품의 효능(좁쌀 여드름 치료)을 사실대로 안내하며 허위 사실이 없어 안전합니다."", ""patent_check"": null, ""consultation"": ""본 제품은 화장품이 아닌 일반의약품입니다. 사용 전 약사와 상의하여 환부의 상태에 따른 적절한 용법을 준수하십시오."", ""reliability_level"": ""안전"", ""evidence"": [{""url"": ""https://nedrug.mfds.go.kr"", ""source"": ""식약처 의약품안전나라"", ""fact"": ""에크린겔(동아제약)은 살리실산을 주성분으로 하는 일반의약품으로, '여드름, 면포(좁쌀여드름) 치료' 효능을 공식 허가받았습니다.""}, {""url"": null, ""source"": ""성분 백과"", ""fact"": ""살리실산(BHA) 2% 성분은 각질 용해 및 항염 작용을 통해 막힌 모공을 개선하고 좁쌀 여드름을 치료하는 효과가 입증되었습니다.""}], ""issues"": [""[적법광고: 식약처 허가 의약품]"", ""[사실기반: 성분 기반 치료 효과]""]}",,https://i.ytimg.com/vi/yRCrCHBZgFE/hqdefault.jpg,[애크린겔] 좁쌀 여드름 원인부터 약으로 제대로 편 15초,1771153948,14449657
262efDczgUs,5,산타_AI토익,,95,2026-01-27T05:19:37Z,"{""summary"": ""AI 기반 점수 예측 기술은 보편화된 서비스이나, 실제 성적과는 차이가 있을 수 있음."", ""patent_check"": null, ""consultation"": ""AI 진단 결과는 학습 방향 설정을 위한 참고 자료로 활용하는 것이 적절하며, 이를 공식 성적으로 오인하지 않도록 주의하십시오."", ""reliability_level"": ""안전"", ""evidence"": [{""url"": null, ""source"": ""교육 기술(EdTech) 시장 분석"", ""fact"": ""AI 기반 토익 점수 예측 서비스는 누적된 학습 데이터를 활용하여 높은 정확도의 통계적 추정치를 제공하는 것이 확인됨.""}, {""url"": null, ""source"": ""일반 소비자 리뷰"", ""fact"": ""짧은 시간 내 실력 진단이 가능하다는 점은 대다수 AI 학습 앱에서 검증된 기능이나, 실제 시험 결과와는 편차가 존재할 수 있음.""}], ""issues"": [""예상 점수의 변동성"", ""데이터 기반 추정치""]}",D:\Files\Leaning\sprint_backend\Extraction_262efDczgUs,https://i.ytimg.com/vi/262efDczgUs/hqdefault.jpg,260127_핑크늉서_세로,1770743717,1193207
MhIxiQQkqwg,,지무비 : G Movie,,,2026-02-15T01:00:22Z,"{""summary"": ""드라마 '더 뷰티'의 설정을 소개하는 콘텐츠 홍보 영상이며, 실제 제품 판매 광고가 아닙니다."", ""patent_check"": null, ""consultation"": ""해당 영상은 영화/드라마 리뷰 채널의 브랜디드 콘텐츠입니다. 영상 속 '신약'이나 '치사율' 등의 정보는 드라마 설정이므로 실제 사실로 오인하지 마십시오."", ""reliability_level"": ""안전"", ""evidence"": [{""url"": null, ""source"": ""광고 스크립트 후반부"", ""fact"": ""영상 말미에 '디즈니 플러스 오리지널 시리즈 더 뷰티'임을 명시하며 작품 홍보 목적임을 밝힘.""}, {""url"": ""https://www.disneyplus.com"", ""source"": ""디즈니 플러스(Disney+)"", ""fact"": ""라이언 머피 제작의 드라마 '더 뷰티(The Beauty)'는 실제 제작 및 공개 예정인 영상 콘텐츠임.""}], ""issues"": [""[콘텐츠홍보] 드라마 시놉시스 기반의 허구 설정"", ""[스토리텔링] 작품 몰입을 위한 실제 사례형 연출""]}",,https://i.ytimg.com/vi/MhIxiQQkqwg/hqdefault.jpg,"단언컨대 2026년 가장 충격적인 드라마.. 감염되자마자 절세 미남 미녀가 되지만, ""855일 뒤에 무조건 죽는 성병 바이러스""가 퍼진 미래사회..ㄷㄷ ≪더 뷰티≫ 4-6",1771143914,123526
mkxuthhGqxA,,초록우산,,,2026-01-05T23:48:45Z,"{""summary"": ""광고주와 브랜드가 명시되지 않은 감성 호소형 광고로, 광고의 목적을 파악할 정보가 부족합니다."", ""patent_check"": null, ""consultation"": ""공신력 있는 NGO의 후원 캠페인인지, 아니면 특정 제품을 팔기 위한 미끼 광고인지 출처를 반드시 확인하십시오."", ""reliability_level"": ""정보 부족"", ""evidence"": [{""url"": null, ""source"": ""스크립트 내용 분석"", ""fact"": ""전립선암 3기 및 뼈 전이 등 구체적 질병명을 언급하며 동정심을 유발하는 전형적인 감성 마케팅 형식을 취하고 있습니다.""}, {""url"": null, ""source"": ""공정거래위원회 표시광고법"", ""fact"": ""광고주는 소비자가 광고임을 인지할 수 있도록 주체를 명확히 밝혀야 하나, 본 스크립트에서는 확인되지 않습니다.""}], ""issues"": [""[정보누락] 광고 주체 및 브랜드 식별 불가"", ""[감성자극] 투병 및 빈곤 상황을 강조한 호소"", ""[검증불가] 특정 사례의 사실 여부 확인 불가""]}",,https://i.ytimg.com/vi/mkxuthhGqxA/hqdefault.jpg,[초록우산] 깡통과 문제집,1771152726,16801844
SLK28wfCTTk,,피부백과,,,2025-11-29T10:51:58Z,"{""summary"": ""공포 마케팅 기법과 의학적 근거가 부족한 자극적 표현을 사용하고 있습니다."", ""patent_check"": null, ""consultation"": ""세안을 하지 말라는 권고는 피부 건강을 해칠 수 있습니다. 화해 1위 및 피부과 입점 사실이 모든 사람에게 동일한 효과를 보장하지 않으므로 주의하십시오."", ""reliability_level"": ""주의"", ""evidence"": [{""url"": null, ""source"": ""의학 전문 정보"", ""fact"": ""'염증 피지 체질'이나 '피지가 썩는다'는 표현은 의학적 표준 용어가 아닌 소비자 불안을 조장하는 마케팅 용어입니다.""}, {""url"": ""https://www.aprilskin.com"", ""source"": ""제품 마케팅 정보"", ""fact"": ""131 리세범은 특정 브랜드의 독자 배합 성분이나, 이틀 만에 환농성 여드름을 완치한다는 주장은 개인차가 크며 과대광고 소지가 있습니다.""}], ""issues"": [""공포 마케팅"", ""이틀 내 효과 과장"", ""비과학적 용어 사용""]}",,https://i.ytimg.com/vi/SLK28wfCTTk/hqdefault.jpg,볼록앰플 1번,1770805072,5491017
SILC1fhvjyE,,아이비클래스,,,2026-02-13T08:39:44Z,"{""summary"": ""객관적 근거 없는 '국내 유일' 표현과 과도한 수익 편의성 강조로 인해 주의가 필요합니다."", ""patent_check"": null, ""consultation"": ""특정 강사의 '유일성' 주장에 현혹되지 말고, 타 강의와 커리큘럼 및 환불 규정을 꼼꼼히 비교한 후 결정하십시오."", ""reliability_level"": ""주의"", ""evidence"": [{""url"": null, ""source"": ""공정거래위원회 및 검색 결과"", ""fact"": ""온라인 마케팅 시장 내 다수의 카페 수익화 강의가 존재하여 '국내 유일' 주장은 객관적 근거가 부족합니다.""}, {""url"": null, ""source"": ""식약처 및 표시광고법 가이드라인"", ""fact"": ""객관적 증빙 없는 '유일', '최초' 등 최상급 표현 사용은 허위·과장 광고의 전형적인 사례에 해당합니다.""}], ""issues"": [""[최상급사용] '국내 유일' 근거 미확인"", ""[수익과장] 적은 노력 대비 고수익 암시""]}",,https://i.ytimg.com/vi/SILC1fhvjyE/hqdefault.jpg,40 소영처럼 나레이션 세로,1771309491,24782
_axVekXX0UM,,남성을 위한 히든팁,,,2026-01-14T06:34:05Z,"{""summary"": ""체향을 바꾼다는 과장된 주장과 자극적인 마케팅 기법에 주의가 필요합니다."", ""patent_check"": null, ""consultation"": ""단순 향기 지속력이 좋은 바디 로션으로 이해해야 하며, 자극적인 광고 문구에 현혹되지 말고 본인의 향 취향과 보습 성능을 기준으로 선택하십시오."", ""reliability_level"": ""주의"", ""evidence"": [{""url"": ""https://www.mfds.go.kr"", ""source"": ""화장품 광고 가이드라인(식약처)"", ""fact"": ""화장품은 인체의 구조·기능에 영향을 주거나 체질을 바꾸는 의약품이 아니므로, '체향을 바꿔준다'는 표현은 과장광고 소지가 있음.""}, {""url"": null, ""source"": ""일반 화장품 원료 및 제형 특성"", ""fact"": ""바디 로션의 향료는 피부 표면에 머물며 일시적으로 향을 낼 뿐, 실제 땀 냄새 등 체취의 근본 원인을 제거하거나 변화시키지 못함.""}], ""issues"": [""체향 변화 주장 과장"", ""자극적 마케팅 활용"", ""지속성 개인차 존재""]}",,https://i.ytimg.com/vi/_axVekXX0UM/hqdefault.jpg,남자들 주목! 여자들이 좋아하는 폭닥 살냄새💗,1770805136,304705
DdD-sy_0WlE,,민가든,,,2026-01-08T08:54:40Z,"{""summary"": ""개인적 경험을 근거로 한 시술 성공 100% 확언 및 사용자 수 수치 오류로 인해 주의가 필요한 광고입니다."", ""patent_check"": {""details"": ""운영사인 (주)케어랩스가 병원 업무 중개 및 위치 기반 의료 정보 제공 시스템 관련 특허를 다수 보유하고 있습니다."", ""patent_number"": ""10-2018-0124813"", ""status"": ""존재""}, ""consultation"": ""성형 및 시술은 개인에 따라 부작용 위험이 반드시 존재하므로, 광고의 '실패 0%'라는 주장에 의존하지 말고 신중히 결정하십시오."", ""reliability_level"": ""주의"", ""evidence"": [{""url"": ""http://www.kipris.or.kr"", ""source"": ""KIPRIS (특허정보검색서비스)"", ""fact"": ""운영사 (주)케어랩스 명의로 '병원 업무 중개 방법, 시스템 및 프로그램' 특허가 등록되어 있어 서비스의 기술적 근거가 확인됩니다.""}, {""url"": null, ""source"": ""바비톡 서비스 현황"", ""fact"": ""바비톡은 2012년 출시된 국내 초기 미용의료 플랫폼이 맞으나, 스크립트 내 사용자 수(900명)는 실제 수치(약 900만 명) 대비 현격한 오기입니다.""}], ""issues"": [""[과장표현] 시술 실패가 전혀 없다는 단정적 주장"", ""[수치오류] 사용자 수 '900명'으로 오기(실제 900만)"", ""[의료법주의] 특정 플랫폼을 통한 시술 유도""]}",,https://i.ytimg.com/vi/DdD-sy_0WlE/hqdefault.jpg,"시술에만 차 한대값 “성형·시술 병원 고르는 법, 실패 0% 비법 , 시술 싸게 받는 법, 손품 발품 파는법",1771152513,40550
QEYhvFdySME,,오션 OCEAN,,,2026-02-07T11:22:05Z,"{""summary"": ""허위 기술 주장이나 의학적 오인 표현이 없는 개인적 경험 기반의 메이크업 튜토리얼로 안전합니다."", ""patent_check"": null, ""consultation"": ""메이크업 스킬 전달에 집중한 영상입니다. 제품 구매 시에는 마케팅 멘트보다 본인의 피부 타입과 성분을 우선 고려하십시오."", ""reliability_level"": ""안전"", ""evidence"": [{""url"": null, ""source"": ""일반 정보 검색"", ""fact"": ""광고 내 언급된 '유이크', '디어A' 등은 정식 등록된 화장품 브랜드이며 허위 특허나 인증을 주장하지 않음.""}], ""issues"": [""[주관적단정] 개인 경험에 근거한 성능 평가"", ""[구매유도] 혜택 강조를 통한 쇼핑몰 접속 유도""]}",,https://i.ytimg.com/vi/QEYhvFdySME/hqdefault.jpg,진짜 쉽게 설명해드립니다👩‍🏫 화알못 똥손 가능! 왕초보 메이크업💄,1771163935,55284
oYp-KEGr0Ao,,중년건강정보 오래오래,,,2026-02-13T03:39:50Z,"{""summary"": ""미래 시점의 임상 데이터 조작 및 검증되지 않은 이명 완치 보장으로 인한 위험 등급입니다."", ""patent_check"": null, ""consultation"": ""의학적 근거가 없는 명백한 기만 광고입니다. 이명 증상은 반드시 전문의와 상담하시고 해당 제품 구매에 유의하십시오."", ""reliability_level"": ""위험"", ""evidence"": [{""url"": null, ""source"": ""KIPRIS 및 식약처 DB"", ""fact"": ""'히어젠' 및 '이명 회로차단제' 관련 특허나 인증된 건강기능식품 내역이 검색되지 않습니다.""}, {""url"": ""https://www.mfds.go.kr"", ""source"": ""식품표시광고법 가이드라인"", ""fact"": ""식품이 질병의 예방 및 치료에 효능이 있는 것으로 인식할 우려가 있는 광고는 엄격히 금지됩니다.""}], ""issues"": [""[허위사실] 25년 상반기 임상이라는 시계열 모순"", ""[의학적과장] 이명 99.9% 차단 등 질환 완치 확언"", ""[근거부족] 서울대·미국학회 사칭 및 기술 실체 없음"", ""[가격기만] 100원 특가 유인 및 단종 압박 상술""]}",,https://i.ytimg.com/vi/oYp-KEGr0Ao/hqdefault.jpg,이명431,1771670820,237144
SAhmgoxVW-s,,살림햄찌,,,2025-12-23T12:06:41Z,"{""summary"": ""체험기 기반 광고이나, 각질 박리 시점(다음날)에 대한 표현이 일반적 기전보다 과장되어 주의가 필요합니다."", ""patent_check"": null, ""consultation"": ""개인마다 효과 발현 시점이 다르므로 무리하게 각질을 뜯지 마십시오. 사용 전 반드시 전성분을 확인하여 알레르기 반응에 주의해야 합니다."", ""reliability_level"": ""주의"", ""evidence"": [{""url"": null, ""source"": ""일반적인 발 각질 팩 기전"", ""fact"": ""AHA/BHA 성분의 발 각질 팩은 대개 사용 3~7일 후부터 각질이 탈락하기 시작하며, '다음날'부터 통째로 벗겨지는 것은 드문 사례입니다.""}, {""url"": null, ""source"": ""식약처 화장품 광고 가이드라인"", ""fact"": ""화장품 광고에서 체험 후기만을 강조하여 단기간에 비현실적인 효과가 나타나는 것처럼 묘사하는 것은 소비자의 오인을 불러일으킬 수 있습니다.""}], ""issues"": [""[과장표현] 다음날 즉각 박리 주장"", ""[심리기만] 지인 추천 스토리텔링"", ""[검증불가] 1.1만 개 후기 진위 미확인""]}",,https://i.ytimg.com/vi/SAhmgoxVW-s/hqdefault.jpg,이게 다 내 발에서 나온 거라고?!,1771773325,1251861
tHyIgD60Nlk,,림콩_rimkong,,,2024-12-16T10:29:47Z,"{""summary"": ""[최상급 표현] 사용 때문이며, 실제 인기 품목이나 공식적인 매출 1위 근거가 부족하여 주의가 필요합니다."", ""patent_check"": null, ""consultation"": ""실제 인기 있는 '품절 대란템' 위주의 추천이나, '매출 1위'는 마케팅용 수치일 수 있으므로 필요에 따라 구매하십시오."", ""reliability_level"": ""주의"", ""evidence"": [{""url"": null, ""source"": ""다이소 뷰티 카테고리 판매 현황"", ""fact"": ""언급된 '라벤더 파우더(TAG)' 등은 실제 품절 대란을 일으킨 인기 품목이나, 전사 매출 1위 여부는 확인되지 않음.""}, {""url"": null, ""source"": ""제품 공식 설명 자료"", ""fact"": ""라벤더 컬러의 황색 피부 보정 효과 및 미세 입자 제형은 해당 제품의 실제 기능과 일치함.""}], ""issues"": [""[최상급표현] 매출 1위 공식 근거 부재"", ""[과장광고] 주관적 만족도를 순위로 표현""]}",,https://i.ytimg.com/vi/tHyIgD60Nlk/hqdefault.jpg,📌다이소 무조건 사야하는 매출1위 화장품 3가지,1771164059,632046
YhClKZ9yAyw,,스브스 예능맛집,,,2022-10-11T09:00:31Z,"{""summary"": ""상업적 광고가 아닌 예능 프로그램 클립이며, 기만적인 홍보 내용이 포함되지 않았습니다."", ""patent_check"": null, ""consultation"": ""특정 제품 판매를 위한 광고가 아닌 순수 예능 콘텐츠이므로 안심하고 시청하셔도 됩니다."", ""reliability_level"": ""안전"", ""evidence"": [{""url"": null, ""source"": ""스크립트 분석"", ""fact"": ""해당 내용은 SBS 예능 '런닝맨'의 게임 진행 과정(스파이 검거 및 퀴즈)을 담은 영상으로, 특정 제품의 효능을 홍보하거나 판매하려는 목적이 없습니다.""}], ""issues"": [""[해당없음] 단순 예능 오락용 콘텐츠""]}",,https://i.ytimg.com/vi/YhClKZ9yAyw/hqdefault.jpg,갑작스러운 댄스와 농락과 호통은 덤이요,1771768189,2187614
JssBdLgLbSI,,Airbnb,,,2026-01-13T00:14:35Z,"{""summary"": ""에어비앤비는 실제 올림픽 공식 글로벌 파트너로 확인됩니다."", ""patent_check"": null, ""consultation"": ""IOC 공식 파트너십에 기반한 정보이므로 광고의 신뢰도가 높습니다. 안심하고 정보를 수용하셔도 됩니다."", ""reliability_level"": ""안전"", ""evidence"": [{""url"": ""https://olympics.com/ioc/partners/airbnb"", ""source"": ""IOC (국제올림픽위원회) 공식 발표"", ""fact"": ""에어비앤비는 2019년부터 IOC와 9년간의 '월드와이드 올림픽 파트너' 계약을 체결한 공식 스폰서입니다.""}, {""url"": null, ""source"": ""국내외 주요 뉴스"", ""fact"": ""에어비앤비는 선수들의 숙박 지원 및 전용 숙소 제공 프로그램을 실제 운영하고 있습니다.""}], ""issues"": [""광고 내용과 사실 일치""]}",,https://i.ytimg.com/vi/JssBdLgLbSI/hqdefault.jpg,"당신이 꿈꿔왔던 겨울 여정, 올림픽 월드와이드 파트너 에어비앤비와 함께",1771046821,7001891
0UjnxMyc9rE,,시너지성형외과,,,2025-07-10T03:50:41Z,"{""summary"": ""[유명인 도용] 때문이며, 이는 공식 모델 계약 여부가 확인되지 않은 이미지 마케팅으로 주의가 필요합니다."", ""patent_check"": null, ""consultation"": ""유명인의 이미지를 빌린 전형적인 유인 광고입니다. 링크된 제품이 식약처의 '주름 개선 기능성' 인증을 받았는지 반드시 확인하십시오."", ""reliability_level"": ""주의"", ""evidence"": [{""url"": null, ""source"": ""엔터테인먼트 뉴스 및 공식 프로필"", ""fact"": ""언급된 배우(김혜수, 고현정 등)들이 특정 목주름 관리 제품의 공식 모델로 활동 중인 공신력 있는 자료를 확인하기 어렵습니다.""}, {""url"": null, ""source"": ""식약처 기능성 화장품 가이드라인"", ""fact"": ""화장품은 질병 치료가 아닌 미적 개선이 목적이며, 주름 개선 기능성 인증 여부가 신뢰성의 핵심입니다.""}], ""issues"": [""[이미지도용: 유명 배우 실명 무단 언급]"", ""[심리적기만: 목주름으로 외모 가치 하락 강조]"", ""[정보부재: 제품명 및 성분 정보 은폐]""]}",,https://i.ytimg.com/vi/0UjnxMyc9rE/hqdefault.jpg,나이가 들어도 매력넘치는 여자 연예인들의 공통점은?! 이거네요~🥰,1771156766,1120763
1i1OlxrNFh8,5,Instagram,,95,2026-02-02T22:41:00Z,"{""summary"": ""검증 가능한 제품 정보나 기술적 주장이 전혀 포함되어 있지 않습니다."", ""patent_check"": null, ""consultation"": ""현재 내용만으로는 광고의 신뢰성을 판단할 수 없습니다. 제품의 이름이나 구체적인 효능이 포함된 내용을 제공해 주시기 바랍니다."", ""reliability_level"": ""정보 부족"", ""evidence"": [{""url"": null, ""source"": ""광고 스크립트 원문"", ""fact"": ""제공된 스크립트는 배경음악의 가사로만 구성되어 있으며, 제품명이나 효능에 대한 언급이 없습니다.""}], ""issues"": [""구체적 주장 부재"", ""분석 데이터 부족""]}",D:\Files\Leaning\sprint_backend\Extraction_1i1OlxrNFh8,https://i.ytimg.com/vi/1i1OlxrNFh8/hqdefault.jpg,009 2371 StartedInTheDMs NAM Acq KO YT 1080x1920 16s Null IG M2 778,1770725200,5283
B0wcoNbqihc,,KCC건설 SWITZEN,,,2020-07-03T15:02:15Z,"{""summary"": ""구체적인 수치나 기술적 주장 없이 브랜드 이미지를 강조한 감성 광고로 안전합니다."", ""patent_check"": null, ""consultation"": ""아파트 브랜드의 가치를 전달하는 감성 광고입니다. 허위·과장 광고 요소가 없으므로 안심하고 시청하셔도 됩니다."", ""reliability_level"": ""안전"", ""evidence"": [{""url"": ""https://www.switzen.com"", ""source"": ""KCC건설 스위첸 공식 캠페인"", ""fact"": ""해당 광고는 '문명충돌' 시리즈로, 부부의 일상을 통해 가족의 의미를 전달하는 KCC건설의 브랜드 캠페인입니다.""}, {""url"": null, ""source"": ""광고 스크립트 분석"", ""fact"": ""특허, 인증, 효능 등 소비자를 기만할 수 있는 구체적인 기술적 주장이 포함되어 있지 않습니다.""}], ""issues"": [""[이미지광고] 기능적 주장이나 허위 정보 없음"", ""[감성소구] 가족의 가치를 전달하는 브랜드 광고""]}",,https://i.ytimg.com/vi/B0wcoNbqihc/hqdefault.jpg,[KCC건설 스위첸] 2020 TVCF 문명의 충돌,1771161832,37278145
yXjcUS4qqdY,15,생생건강통,,85,2025-10-16T08:46:18Z,"{""summary"": ""의학적 사실 왜곡 및 세정제의 치료 효과 과대광고"", ""patent_check"": null, ""consultation"": ""세정제는 청결 도구일 뿐 치료제가 아닙니다. 튀어나온 치핵은 반드시 전문의의 진료를 받으십시오."", ""reliability_level"": ""위험"", ""evidence"": [{""url"": null, ""source"": ""의학 전문 자료 (치질 원인)"", ""fact"": ""치질은 항문 혈관 및 조직의 문제로 발생하며, 칸디다균(곰팡이균)은 치질의 직접적인 원인이 아닙니다.""}, {""url"": null, ""source"": ""식약처 화장품 광고 가이드라인"", ""fact"": ""세정제(화장품)가 신체 구조를 변화시키거나(항문 복원) 질병을 치료한다는 표현은 불법 과대광고에 해당합니다.""}], ""issues"": [""질병 원인 허위 주장"", ""의학적 치료 효과 과장"", ""화장품법 위반 소지""]}",D:\Files\Leaning\sprint_backend\Extraction_yXjcUS4qqdY,https://i.ytimg.com/vi/yXjcUS4qqdY/hqdefault.jpg,"저기요, 이거 왜 안 써요❓",1770734973,28595881
pPliMx_c7Hc,,낚시터,,,2023-06-25T10:00:36Z,"{""summary"": ""비과학적 최상급 표현(절대 깨지지 않음)을 사용한 과장 광고로 판단되어 주의가 필요합니다."", ""patent_check"": null, ""consultation"": ""특수 소재(트라이탄 등)일 가능성은 있으나 물리적 파손 가능성이 존재하므로 '절대'라는 단어에 현혹되지 마십시오."", ""reliability_level"": ""주의"", ""evidence"": [{""url"": null, ""source"": ""공정거래위원회 표시광고법 가이드라인"", ""fact"": ""'절대', '100%' 등 완벽을 의미하는 표현은 객관적 증거 없이 사용 시 허위·과장 광고에 해당할 수 있습니다.""}, {""url"": null, ""source"": ""재료공학 일반 원리"", ""fact"": ""유리 소재는 특성상 특정 임계점 이상의 충격이나 압력에서 반드시 파손되므로 '절대'라는 표현은 물리적으로 불가능합니다.""}], ""issues"": [""[과장광고] 절대 안 깨진다는 비과학적 확언"", ""[근거미흡] 경도 및 내구성 증명 데이터 부재""]}",,https://i.ytimg.com/vi/pPliMx_c7Hc/hqdefault.jpg,과대광고,1771190633,19877
yXa97nyJUUY,5,메이뜰TV,,95,2026-01-26T08:14:47Z,"{""summary"": ""시각적 체형 보정 효과를 강조하는 일반적인 의류 광고입니다."", ""patent_check"": null, ""consultation"": ""디자인을 통한 착시 효과를 강조하는 광고입니다. 개인 체형에 따라 보정 정도가 다를 수 있으니 실측 사이즈를 확인하십시오."", ""reliability_level"": ""안전"", ""evidence"": [{""url"": null, ""source"": ""광고 스크립트 분석"", ""fact"": ""특허, 인증, 또는 실제 체중 감량에 대한 객관적·과학적 수치 제시가 없음.""}, {""url"": null, ""source"": ""일반 상거래 관행"", ""fact"": ""'3kg 빠진 느낌'은 디자인에 의한 시각적 효과를 나타내는 주관적 비유임.""}], ""issues"": [""비유적 수치 표현""]}",D:\Files\Leaning\sprint_backend\Extraction_yXa97nyJUUY,https://i.ytimg.com/vi/yXa97nyJUUY/hqdefault.jpg,360도로 봐도 완벽한 팬츠 핏!,1770802179,664674
-pw5pQTvuik,,코드잇,,,2025-08-26T06:18:48Z,"{""summary"": ""실제 운영되는 정부 지원 파이썬 교육 과정에 대한 정보입니다."", ""patent_check"": null, ""consultation"": ""HRD-Net을 통해 본인의 내일배움카드 발급 여부와 자부담금을 먼저 확인하십시오. 300% 효율 등의 수치는 개인차가 큰 주관적 경험입니다."", ""reliability_level"": ""안전"", ""evidence"": [{""url"": ""https://www.hrd.go.kr"", ""source"": ""고용노동부 HRD-Net"", ""fact"": ""국민내일배움카드를 통해 비전공자도 수강 가능한 파이썬 기초 및 업무자동화 국비 지원 과정이 실존합니다.""}, {""url"": null, ""source"": ""K-디지털 크레딧 교육 기관"", ""fact"": ""스파르타코딩클럽 등 다수 기관에서 5분 내외의 짧은 강의와 4~5주 단기 커리큘럼을 실제 제공하고 있습니다.""}], ""issues"": [""주관적 성과 표현"", ""마케팅적 수치 사용""]}",,https://i.ytimg.com/vi/-pw5pQTvuik/hqdefault.jpg,AI 시대에 잘나가는 일잘러 되고싶은 싶은 형들 주목해봐,1770804423,13889695
ARx45CgYOzc,,세라피나's 일상,,,2026-01-27T04:07:32Z,"{""summary"": ""근거 없는 확언(로션 불필요) 및 단정적 표현(고민 싹 해결)으로 인한 주의 등급입니다."", ""patent_check"": null, ""consultation"": ""화장품은 질병 치료제가 아님을 유의하고, '로션 불필요'와 같은 과장된 보습 효과보다는 본인의 피부 타입에 맞는 보습제 병용을 권장합니다."", ""reliability_level"": ""주의"", ""evidence"": [{""url"": ""https://www.mfds.go.kr"", ""source"": ""식약처 화장품 표시·광고 관리 가이드라인"", ""fact"": ""화장품 광고 시 '해결', '싹' 등 완치나 증상 개선을 확증하는 단정적인 표현은 소비자 오인 우려로 금지됩니다.""}, {""url"": null, ""source"": ""피부과 전문의 일반 소견"", ""fact"": ""효소 성분이 각질 제거에 도움을 줄 수 있으나, 세정 성분을 피부에 방치하는 행위는 개인에 따라 접촉성 피부염 등 자극을 유발할 수 있습니다.""}], ""issues"": [""[허위보장] 로션 불필요 등 과장"", ""[단정표현] 피부 고민 싹 해결 확언"", ""[안전주의] 세정제 방치 시 자극 우려""]}",,https://i.ytimg.com/vi/ARx45CgYOzc/hqdefault.jpg,1분이면 이렇게 되는 게 믿어지세요..?,1771142945,3089927
fDPqm331MsI,5,Video ad upload channel for 607-447-1317,,95,2025-08-25T08:54:58Z,"{""summary"": ""제공된 스크립트의 내용이 너무 짧아 신뢰성을 분석할 수 없습니다."", ""patent_check"": null, ""consultation"": ""제공된 정보만으로는 판단이 불가능합니다. 전체 광고 내용이나 제품명을 확인하시기 바랍니다."", ""reliability_level"": ""정보 부족"", ""evidence"": [{""url"": null, ""source"": ""광고 스크립트"", ""fact"": ""스크립트에 제품명, 성분, 특허, 기술적 효능에 대한 언급이 전혀 포함되어 있지 않습니다.""}], ""issues"": [""핵심 정보 부재"", ""광고 주장 식별 불가""]}",D:\Files\Leaning\sprint_backend\Extraction_fDPqm331MsI,https://i.ytimg.com/vi/fDPqm331MsI/hqdefault.jpg,Shortened: cid=5f9a5c600f0b06f1987bbed5d8fddf6b,1770743662,34
NoF-kTwQX50,,해운대 공구왕 송사장,,,2026-02-05T08:00:19Z,,,https://i.ytimg.com/vi/NoF-kTwQX50/hqdefault.jpg,오리지니크 전동그라인더로 요리를 더 즐겁게! 🤍,1770566336,2119351
vdY_LAgbo1E,,피부백과,,,2025-11-04T05:32:35Z,"{""summary"": ""실제 인기 제품의 홍보이나, 수치적 주장과 마케팅 표현에 주의가 필요합니다."", ""patent_check"": {""details"": ""광고된 '131 리세범' 명칭의 특허는 검색되지 않으나, 제조사(에이피알)의 여드름 케어 관련 독자 배합 성분으로 확인됩니다."", ""patent_number"": null, ""status"": ""미확인""}, ""consultation"": ""실제 사용자 후기가 많은 검증된 브랜드 제품이나, 광고의 80% 재구매율 및 파격 할인 등 마케팅적 수치에는 개인차가 있을 수 있으니 유의하십시오."", ""reliability_level"": ""주의"", ""evidence"": [{""url"": ""https://aprilskin.com/"", ""source"": ""에이프릴스킨(APR) 공식 정보"", ""fact"": ""광고된 '131 앰플'은 실존 제품이며, '더현대 서울' 팝업스토어 성과 및 여드름 케어 성분(131 리세범) 홍보는 브랜드 공식 내용과 일치합니다.""}, {""url"": null, ""source"": ""KIPRIS 및 일반 검색"", ""fact"": ""131 리세범은 브랜드 독자 복합 성분이나, 공식적인 특허 번호가 명시되지 않아 성분 자체의 법적 권리 상태는 확인이 어렵습니다.""}], ""issues"": [""재구매율 근거 불분명"", ""할인율 및 품절 마케팅"", ""특허 번호 미제시""]}",,https://i.ytimg.com/vi/vdY_LAgbo1E/hqdefault.jpg,251103 더현대악플인스타템 인트로1_수정1차,1770808814,172599
iL9Y2zmbRiE,,메디컬헬스앤웰라이프,,,2025-09-22T01:20:54Z,"{""summary"": ""질병 치료 효능 오인 및 병원 대체 주장으로 인한 과대광고 위험이 매우 높습니다."", ""patent_check"": null, ""consultation"": ""광고의 완치 주장은 의학적 근거가 없습니다. 이명 증상이 있다면 광고에 의존하지 말고 반드시 전문의의 진단을 받으십시오."", ""reliability_level"": ""위험"", ""evidence"": [{""url"": ""https://www.mfds.go.kr"", ""source"": ""식품의약품안전처"", ""fact"": ""건강기능식품은 질병을 치료하는 의약품이 아니며, '이명이 싹 사라진다'는 식의 표현은 명백한 허위·과대광고입니다.""}, {""url"": null, ""source"": ""일반 의학 정보"", ""fact"": ""이명은 원인이 매우 다양하여 건강기능식품 섭취만으로 퇴행된 신경을 복구하거나 완치하는 것은 불가능에 가깝습니다.""}], ""issues"": [""완치 표현 사용"", ""의료 행위 대체 암시"", ""의학적 근거 부족""]}",,https://i.ytimg.com/vi/iL9Y2zmbRiE/hqdefault.jpg,비뮤트 틱톡 461,1770800372,4425047
sepqoLA6fUI,,로빈세끼,,,2026-02-15T02:00:49Z,,,https://i.ytimg.com/vi/sepqoLA6fUI/hqdefault.jpg,설연휴에 와보니 다낭보다 한국사람 많다? 경기도 나트랑,1771149762,28627
V7xFFaGwGmw,,쩐문가,,,2026-02-22T06:00:22Z,"{""summary"": ""실존하지 않는 서비스 명칭(나노바나) 사용 및 비현실적인 로봇 기술 과장으로 인해 위험합니다."", ""patent_check"": null, ""consultation"": ""언급된 기술 명칭이 부정확하고 기술적 한계를 무시한 과장이 포함되어 있으니, 공식 자료를 통한 재검토가 필수적입니다."", ""reliability_level"": ""위험"", ""evidence"": [{""url"": ""https://blog.google/technology/ai/"", ""source"": ""Google AI Official Blog"", ""fact"": ""구글의 최신 이미지 생성 AI는 'Imagen 3' 또는 'ImageFX'이며, '나노바나'라는 명칭의 서비스는 존재하지 않습니다.""}, {""url"": ""https://www.1x.tech/"", ""source"": ""1X Technologies Official"", ""fact"": ""휴머노이드 'NEO'를 개발 중이나, 2026년 한국 내 월 70만 원 출시라는 구체적인 가격 정책은 공식 발표된 바 없습니다.""}], ""issues"": [""[정보오류] 구글 '나노바나'는 실존하지 않음"", ""[기술과장] 인간과 구별 불능인 복제 로봇 주장"", ""[확인불가] 2026년 로봇 월 70만원 출시 확언""]}",,https://i.ytimg.com/vi/V7xFFaGwGmw/hqdefault.jpg,"""3년 뒤 안전한 직업 없다"" AI시대 이런 사람들만 살아남습니다 (이종범 교수, 최홍섭 대표) (모아보기)",1772017134,23647
dDa95QJRLRA,,Video ad upload channel for 401-258-0395,,,2026-01-09T20:14:24Z,,,https://i.ytimg.com/vi/dDa95QJRLRA/hqdefault.jpg,Shortened: 나의 2026 새해 목표는 애인 만들기 ❤️‍🔥,1770725851,21
BIdt96fKM-o,,메이플스토리M,,,2026-02-12T02:00:14Z,,,https://i.ytimg.com/vi/BIdt96fKM-o/hqdefault.jpg,[메이플스토리M] 세 가지의 힘 I 신규스킬 소개 (30s ver.),1771312262,1351151
QMheVMdByDg,,최모나choimona,,,2026-02-23T12:38:51Z,"{""summary"": ""공산품의 의료기기 오인 표현(혈류량 4~5배 증가) 및 의학적 효능 과장으로 인해 위험합니다."", ""patent_check"": null, ""consultation"": ""수백만 원대 기기의 혈류량 수치는 임상 근거 확인이 필수입니다. 임산부의 고주파 기기 사용은 반드시 전문의와 상담하십시오."", ""reliability_level"": ""위험"", ""evidence"": [{""url"": ""https://www.mfds.go.kr"", ""source"": ""식약처 의료기기법 제24조"", ""fact"": ""공산품을 의료기기로 오인하게 하거나 혈류량 등 신체 변화를 수치로 확언하는 광고는 금지됩니다.""}, {""url"": null, ""source"": ""화장품법 표시·광고 가이드라인"", ""fact"": ""화장품이 '트러블을 때려잡는다'는 식의 표현은 의약품으로 오인될 소지가 있어 규제 대상입니다.""}], ""issues"": [""[의료기기오인] 혈류량 수치 확언 및 통증 개선 암시"", ""[의학적과장] 트러블을 즉시 해결한다는 확언"", ""[안전성우려] 임산부 사용 권장 등 검증되지 않은 조언""]}",,https://i.ytimg.com/vi/QMheVMdByDg/hqdefault.jpg,"재야의 고수 등장? 기대 1도 안 했는데 만족도 100%라 쭉 쓰는 고정템.zip🩷 (다 명품이냐고 물어보는 수납장, 갓성비 2만 원 쿠션, 트러블 스팟, 순환템, 필수 청소템)",1771945329,24264
ai_ZF-2y0qw,,한국자격증협회,,,2025-04-12T06:08:21Z,"{""summary"": ""강의는 무료이나 자격증 발급 시 비용이 발생하는 구조입니다."", ""patent_check"": null, ""consultation"": ""국가공인 자격증이 아닌 민간자격증임을 유의하십시오. 취업 시 인정 여부와 자격증 발급 비용을 미리 확인하는 것이 좋습니다."", ""reliability_level"": ""주의"", ""evidence"": [{""url"": ""https://www.pqi.or.kr"", ""source"": ""민간자격정보서비스(PQI)"", ""fact"": ""해당 협회의 자격증들은 국가공인이 아닌 한국직업능력연구원에 등록된 '민간자격'입니다.""}, {""url"": null, ""source"": ""한국자격증협회 공식 홈페이지"", ""fact"": ""수강과 시험은 무료이나, 실제 자격증 발급 시에는 약 8~10만 원 내외의 비용이 청구됩니다.""}], ""issues"": [""발급 비용 별도 발생"", ""민간 자격증의 한계"", ""과장된 무료 강조""]}",,https://i.ytimg.com/vi/ai_ZF-2y0qw/hqdefault.jpg,[전체자격증] 세로,1770805223,50664744
WFQ2pxHF8b4,,쇼츠와츠,,,2025-08-07T03:00:43Z,"{""summary"": ""상업적 제품의 효능이나 특허 주장이 없는 드라마/웹툰의 서사적 스크립트로, 분석 대상 정보가 부족합니다."", ""patent_check"": null, ""consultation"": ""본 스크립트는 특정 제품을 판매하거나 효능을 주장하는 광고가 아니므로, 신뢰성 분석을 위한 검증 대상이 존재하지 않습니다."", ""reliability_level"": ""정보 부족"", ""evidence"": [{""url"": null, ""source"": ""스크립트 분석"", ""fact"": ""제시된 스크립트는 등장인물(현식, 문백, 이도) 간의 갈등과 사건을 묘사한 창작물(드라마/웹툰 등)의 홍보성 내용으로 구성되어 있습니다.""}], ""issues"": [""[내용확인] 상업적 광고 주장 없음"", ""[검증불가] 제품 정보 및 수치 부재""]}",,https://i.ytimg.com/vi/WFQ2pxHF8b4/hqdefault.jpg,최종보스 김영광 등장,1771768227,1199213
ApxWvOPitls,,더티트렁크,,,2026-01-16T00:33:37Z,"{""summary"": ""감성적인 장소 홍보 위주의 광고이며, 허위 사실이나 과장된 효능 주장이 없어 안전합니다."", ""patent_check"": null, ""consultation"": ""공간의 분위기와 맛을 강조한 전형적인 이미지 광고입니다. 안심하고 시청 및 이용하셔도 좋습니다."", ""reliability_level"": ""안전"", ""evidence"": [{""url"": ""https://www.google.com/search?q=%ED%8C%8C%EC%A3%BC+%EB%8D%94%ED%8B%B0%ED%8A%B8%EB%A0%81%ED%81%AC"", ""source"": ""Google 검색 및 포털 정보"", ""fact"": ""더티트렁크는 파주 소재의 대형 복합문화공간으로, K-디자인 어워드 수상 등 실제 인지도가 높은 유명 장소임이 확인됩니다.""}], ""issues"": [""[감성묘사] 공간의 분위기를 은유적으로 표현"", ""[정보일치] 파주 소재 실제 유명 카페 확인""]}",,https://i.ytimg.com/vi/ApxWvOPitls/hqdefault.jpg,진짜 파주 핫플 더티트렁크 #운정맛집 #파주맛집 #파주카페  #파주핫플,1771155590,782334
4Rn1HT_xzp8,,1943 classic,,,2025-12-31T09:59:28Z,"{""summary"": ""미성년자(07년생) 대상 음주 조장 및 부정확한 브랜드 명칭 사용으로 주의가 필요합니다."", ""patent_check"": null, ""consultation"": ""미성년자의 음주를 당연시하거나 조장하는 광고에 주의하십시오. 실제 방문 전 법적 음주 가능 여부를 반드시 확인해야 합니다."", ""reliability_level"": ""주의"", ""evidence"": [{""url"": ""https://www.mogef.go.kr"", ""source"": ""청소년 보호법 및 여성가족부 고시"", ""fact"": ""2007년생은 2026년 1월 1일부터 주류 구매가 가능하므로, 현재 시점에서의 '첫 술집' 홍보는 시기상조이며 음주를 조장할 우려가 있습니다.""}, {""url"": null, ""source"": ""프랜차이즈 정보 검색"", ""fact"": ""스크립트 내 '인생맥술', '인생맥지'는 유명 프랜차이즈 '인생맥주'의 오기이거나 비공식 홍보물로 판단됩니다.""}], ""issues"": [""[음주유도] 미성년자 대상 주류 소비 미화"", ""[정보오류] 실제 브랜드명과 다른 명칭 사용"", ""[타겟팅] 법적 음주 불가 연령층에 대한 홍보""]}",,https://i.ytimg.com/vi/4Rn1HT_xzp8/hqdefault.jpg,"07년생 주목 요즘 핫한 줄 서는 술집, 인쌩맥주",1771154067,505344
Cp4vT9XwzSw,,정관장TV,,,2026-01-15T06:47:49Z,"{""summary"": ""구체적인 제품 정보나 효능 주장이 포함되어 있지 않아 광고의 신뢰성을 판단할 근거가 부족합니다."", ""patent_check"": null, ""consultation"": ""실질적인 정보가 없는 이미지성 광고입니다. 구매를 고려한다면 제품의 상세 페이지에서 식약처 인증 여부와 정확한 성분 정보를 확인하십시오."", ""reliability_level"": ""정보 부족"", ""evidence"": [{""url"": null, ""source"": ""광고 스크립트 분석"", ""fact"": ""제공된 스크립트는 추상적인 대화와 음악으로만 구성되어 있으며, 특정 성분, 특허, 인증 또는 수치화된 효과를 언급하지 않습니다.""}], ""issues"": [""[정보부재] 제품명 식별 불가"", ""[검증불가] 구체적 주장 없음""]}",,https://i.ytimg.com/vi/Cp4vT9XwzSw/hqdefault.jpg,"활기마이트, 나만의 에너지 버튼을 누르다",1771060807,13547581
gKPLZWcw6qE,,Medicube,,,2024-07-19T04:08:57Z,"{""summary"": ""판매량 및 성분 함량 주장이 실제 제품 정보와 일치하며, 통상적인 화장품 효능 범위 내의 광고입니다."", ""patent_check"": null, ""consultation"": ""성분과 판매 기록이 검증된 제품입니다. 다만, 화장품의 미백 효과는 개인차가 있으므로 과도한 기대보다는 데일리 케어 용도로 참고하십시오."", ""reliability_level"": ""안전"", ""evidence"": [{""url"": null, ""source"": ""제품 공식 상세페이지 및 전성분표"", ""fact"": ""주요 비타민 패드 제품군에서 정제수 대신 비타민나무열매추출물을 베이스로 사용하여 성분 함량 주장이 사실에 부합함을 확인했습니다.""}, {""url"": null, ""source"": ""브랜드 판매 실적 보도자료"", ""fact"": ""해당 특징을 가진 제품(넘버즈인 등)이 누적 판매량 1,000만 장을 돌파했다는 공식 기록이 존재합니다.""}], ""issues"": [""[성분함량] 비타민 추출물 주성분 확인"", ""[판매실적] 1,000만 장 판매 기록 실존"", ""[표현주의] 단정적 효능은 개인차 유의""]}",,https://i.ytimg.com/vi/gKPLZWcw6qE/hqdefault.jpg,본식 2주 전 가장 효과 본 예신 관리!,1771911198,30039
YJ_Pu6tXoPw,,Video ad upload channel for 632-532-6329,,,2025-12-16T16:08:56Z,"{""summary"": ""객관적 사실 주장 없이 서사적 긴장감만 조성하는 창작물 홍보용 광고로 기만 요소가 없습니다."", ""patent_check"": null, ""consultation"": ""웹툰, 소설 또는 영상 콘텐츠의 줄거리를 묘사하는 광고입니다. 광고 법률 위반 사항이 확인되지 않습니다."", ""reliability_level"": ""안전"", ""evidence"": [{""url"": null, ""source"": ""광고 스크립트 분석"", ""fact"": ""특허, 효능, 통계 등 사실 관계를 검증할 수 있는 구체적인 주장이나 수치가 포함되어 있지 않음.""}], ""issues"": [""[유형: 스토리텔링형]"", ""[내역: 허위/과장 없음]""]}",,https://i.ytimg.com/vi/YJ_Pu6tXoPw/hqdefault.jpg,Shortened: 무명 여돌이 예능에 나가면 생기는 일 📸,1771073611,8664
HdXOYFVcp2Y,,세상사는이야기,,,2025-06-26T15:00:35Z,"{""summary"": ""보색 원리를 이용한 일시적 착시임을 명시하여 기만 요소가 없는 안전한 광고입니다."", ""patent_check"": null, ""consultation"": ""화학적인 미백이 아닌 메이크업과 같은 일시적 보정 효과입니다. 세정 후 원래 색으로 돌아오므로 중요한 일정 전 보정용으로 사용을 권장합니다."", ""reliability_level"": ""안전"", ""evidence"": [{""url"": null, ""source"": ""색상 이론(Color Theory)"", ""fact"": ""보라색은 노란색의 보색으로, 두 색이 혼합되면 노란색이 중화되어 시각적으로 밝고 하얗게 보이는 효과가 실제 존재합니다.""}, {""url"": null, ""source"": ""식약처 광고 가이드라인"", ""fact"": ""제품의 원리가 화학적 미백이 아닌 일시적인 착시 현상임을 명확히 밝히고 있어 소비자 오인 가능성이 낮습니다.""}], ""issues"": [""[원리명시] 착시 효과임을 명확히 고지"", ""[과장방지] 실제 미백이 아님을 설명""]}",,https://i.ytimg.com/vi/HdXOYFVcp2Y/hqdefault.jpg,치아 미백 상품의 진실,1771773250,1727916
HF8aAkR3mFU,,지식꾹,,,2025-05-23T06:00:11Z,"{""summary"": ""공포와 혐오감을 유발하여 주의를 끄는 '공포 마케팅' 수법이며, 제품 정보가 누락되어 판단이 제한적입니다."", ""patent_check"": null, ""consultation"": ""선정적이고 혐오스러운 묘사로 공포를 조장하는 광고는 제품의 효능과 무관한 경우가 많으니 구매에 각별히 유의하십시오."", ""reliability_level"": ""주의"", ""evidence"": [{""url"": null, ""source"": ""방송광고 심의규정"", ""fact"": ""광고는 시청자에게 지나친 공포감이나 혐오감을 주는 표현을 사용해서는 안 되며, 이는 전형적인 '낚시성' 광고 수법에 해당합니다.""}, {""url"": null, ""source"": ""역사적 사실 검증"", ""fact"": ""묘사된 '상자 형벌'은 과거 몽골 등에서 존재했으나, 광고에서는 주로 혈액순환제나 건강식품 판매를 위한 자극적인 '후크(Hook)' 문구로 활용됩니다.""}], ""issues"": [""[공포조장] 잔혹한 형벌 상세 묘사"", ""[혐오유발] 신체 부패 및 구더기 언급"", ""[정보은닉] 광고 제품 및 주체 불분명""]}",,https://i.ytimg.com/vi/HF8aAkR3mFU/hqdefault.jpg,인류역사상 가장 잔인한 형벌 상형,1771190737,980230
XPIVaHT3D2I,,러닝스푼즈 | 커리어 성공의 비밀,,,2025-05-08T11:09:51Z,,,https://i.ytimg.com/vi/XPIVaHT3D2I/hqdefault.jpg,가고 싶은 회사 가는 법? 그냥 물어보면 돼! | 러닝스푼즈 X 새싹 취업 캠프 | 청년취업사관학교,1770647767,210291
d2j3CdjpO8M,,AliExpress_Official,,,2026-01-12T08:38:51Z,"{""summary"": ""신규 가입자 대상 1,000원 프로모션 및 한국 셀러 입점 사실이 확인된 안전한 광고입니다."", ""patent_check"": null, ""consultation"": ""신규 가입자 한정 혜택이므로 가입 여부를 확인하시고, 공식 앱의 '천원마트' 탭에서 실제 구매 가능 여부를 체크하십시오."", ""reliability_level"": ""안전"", ""evidence"": [{""url"": ""https://www.aliexpress.com"", ""source"": ""AliExpress 공식 프로모션"", ""fact"": ""알리익스프레스는 'K-베뉴' 런칭 및 신규 가입자 대상 '1,000원 웰컴 혜택' 및 '천원마트' 프로모션을 상시 운영 중입니다.""}, {""url"": null, ""source"": ""국내 경제 뉴스"", ""fact"": ""CJ제일제당, 삼양식품, 농심 등 주요 국내 식품 대기업들이 알리익스프레스 K-베뉴에 공식 입점하여 제품을 판매하고 있습니다.""}], ""issues"": [""[정상광고] 신규 가입 혜택 및 입점 사실 일치""]}",,https://i.ytimg.com/vi/d2j3CdjpO8M/hqdefault.jpg,korean easycook,1771142568,3958038
99vB2m8gLYI,,Google,,,2025-08-22T19:50:49Z,,,https://i.ytimg.com/vi/99vB2m8gLYI/hqdefault.jpg,Google AI Pro,1771932170,52415374
cw45qewNqJU,,이스라엘의비밀,,,2026-02-11T05:48:17Z,"{""summary"": ""질병의 완치 및 회춘을 확언하는 전형적인 과대광고입니다."", ""patent_check"": null, ""consultation"": ""블랙커민 오일은 건강 보조 수단일 뿐 치료제가 아닙니다. 완치 주장에 속아 기존 당뇨약 복용을 중단하면 치명적일 수 있으니 반드시 의사와 상의하십시오."", ""reliability_level"": ""위험"", ""evidence"": [{""url"": null, ""source"": ""식품의약품안전처 및 의학계 공통"", ""fact"": ""당뇨는 '완치'되는 질환이 아니며, 특정 식품 섭취만으로 췌장 세포가 30.1% 재생된다는 의학적 근거는 없습니다.""}, {""url"": null, ""source"": ""국가법령정보센터 (표시광고법)"", ""fact"": ""질병의 예방 및 치료에 효능이 있다는 표현이나, 20대 건강 회춘 등의 광고는 허위·과대 광고에 해당합니다.""}], ""issues"": [""당뇨 완치 암시"", ""검증 불가한 수치 제시"", ""의학적 효능 과장""]}",,https://i.ytimg.com/vi/cw45qewNqJU/hqdefault.jpg,쵸간단 당n해결책,1770797445,42
uVHp6j0VF20,,bestgoodsworld,,,2025-07-22T16:37:57Z,"{""summary"": ""[의학적 과장] 키 성장 기능성이 입증되지 않은 일반 영양제를 성장제로 묘사하여 위험합니다."", ""patent_check"": null, ""consultation"": ""키 성장 효능은 식약처가 인정한 특정 원료에만 허용됩니다. 단순 영양제를 성장제로 오인하지 않도록 주의하십시오."", ""reliability_level"": ""위험"", ""evidence"": [{""url"": ""https://www.mfds.go.kr"", ""source"": ""식품의약품안전처(MFDS)"", ""fact"": ""식약처는 칼슘, 비타민D 등 일반 영양 성분이 키 성장에 직접적 효능이 있는 것처럼 광고하는 것을 '허위·과대광고'로 규정하고 엄격히 금지합니다.""}, {""url"": null, ""source"": ""제품 성분 분석"", ""fact"": ""밀키즈의 주성분인 초유, 칼슘, 비타민D는 뼈 건강에 도움을 주는 영양소일 뿐, 어린이의 키를 키워주는 기능성 원료(예: HT042 등)가 아닙니다.""}], ""issues"": [""[효능과장] 키 성장 기능성 미인정"", ""[오인유도] 일반 식품을 성장제로 광고""]}",,https://i.ytimg.com/vi/uVHp6j0VF20/hqdefault.jpg,"아이 키 이거 한번 먹여보세요!! ""밀키즈"" #밀키즈  #키성장영양제  #어린이키성장  #성장기아이  #초유단백질  #우유칼슘  #CBP단백질  #한미양행   #아이성장도움",1771835104,7983
F5TrpeVZWLY,,멋쟁이사자처럼,,,2026-02-09T08:08:08Z,"{""summary"": ""실존하는 마케팅 교육 프로그램이나 인턴십 제공 방식에 대한 구체적 확인이 필요함."", ""patent_check"": null, ""consultation"": ""실제 인턴십 전환율과 자격증 응시료 지원 대상 조건을 상담을 통해 명확히 확인한 후 수강을 결정하십시오."", ""reliability_level"": ""주의"", ""evidence"": [{""url"": ""https://mootcamp.kr/"", ""source"": ""무트캠프(Moot Camp) 공식 홈페이지 및 채용 공고"", ""fact"": ""데이터 마케팅 역량 강화 및 기업 매칭 프로그램을 운영하는 실존 교육 서비스임.""}, {""url"": null, ""source"": ""온라인 교육 커뮤니티 및 후기"", ""fact"": ""4개월 과정의 부트캠프이나 인턴십은 전원 보장이 아닌 기업 매칭 및 선발 과정을 거치는 구조임.""}], ""issues"": [""인턴십 선발 조건 모호"", ""자격증 지원 범위 미표기"", ""과도한 성과 강조""]}",,https://i.ytimg.com/vi/F5TrpeVZWLY/hqdefault.jpg,[그로스 마케팅] 요즘 마케팅 실무에서 제일 중요한 건 바로 ‘데이터 역량’,1771046849,81347
5ttXKT3DGro,,Video ad upload channel,,,2025-12-30T12:19:51Z,"{""summary"": ""브랜드 이미지 제고를 위한 감성 광고이며, 기만적인 수치나 허위 기술 주장이 발견되지 않았습니다."", ""patent_check"": null, ""consultation"": ""단순한 브랜드 홍보 영상입니다. 실제 금융 서비스 이용 시에는 재미보다는 금리와 이용 약관을 꼼꼼히 확인하십시오."", ""reliability_level"": ""안전"", ""evidence"": [{""url"": ""https://www.law.go.kr"", ""source"": ""표시·광고의 공정화에 관한 법률"", ""fact"": ""'재미'와 같은 주관적 감성 표현은 입증 대상인 사실적 주장으로 간주하지 않아 허위 광고에 해당하지 않습니다.""}], ""issues"": [""[이미지광고] 기능보다 재미 위주 소구"", ""[단순홍보] 구체적인 금융 상품 정보 부재""]}",,https://i.ytimg.com/vi/5ttXKT3DGro/hqdefault.jpg,"Blurry: 와보고 싶은 뱅크, Wa뱅크(눈치게임편)",1771312252,41
fS-N0jSMhPE,,가상사,,,2026-02-16T05:07:34Z,"{""summary"": ""질병의 실체를 부정하는 비과학적 주장으로 전문적 치료를 방해할 우려가 있어 위험합니다."", ""patent_check"": null, ""consultation"": ""정신 건강 문제는 반드시 전문의와 상담하십시오. 철학적 깨달음은 의학적 치료를 대체할 수 없습니다."", ""reliability_level"": ""위험"", ""evidence"": [{""url"": ""https://www.mentalhealth.go.kr"", ""source"": ""보건복지부/국가정신건강정보포털"", ""fact"": ""우울증 및 불안장애는 뇌의 신경전달물질 불균형 등 생물학적 원인이 명확한 질환이며 전문적 치료가 필수적입니다.""}, {""url"": null, ""source"": ""의료법 및 표시광고법"", ""fact"": ""검증되지 않은 방법으로 질병의 완치를 보장하거나 의학적 치료를 거부하게 유도하는 광고는 불법 소지가 높습니다.""}], ""issues"": [""[의료부정] 정신 질환의 실체를 부정함"", ""[치료방해] 전문적 투약 및 상담 경시"", ""[비과학적] 철학 개념을 치료법으로 제시""]}",,https://i.ytimg.com/vi/fS-N0jSMhPE/hqdefault.jpg,"불성무병(佛性無病)_우울, 공황장애 바로 알기",1771241131,358
ofI-or9dE8Y,,뜬뜬 DdeunDdeun,,,2026-02-21T00:00:06Z,"{""summary"": ""[사실기반] 여행지의 역사와 일상적인 대화로 구성되어 있으며, 기만적 광고 주장이 발견되지 않았습니다."", ""patent_check"": null, ""consultation"": ""본 영상은 특정 제품의 효능을 홍보하는 광고가 아닌 여행 예능 콘텐츠로, 소비자를 오인하게 할 위험 요소가 없습니다."", ""reliability_level"": ""안전"", ""evidence"": [{""url"": ""https://www.parlament.hu/"", ""source"": ""헝가리 관광청 및 역사 기록"", ""fact"": ""부다페스트 국회의사당의 첨탑 개수가 365개라는 정보와 부다와 페스트 지역의 통합 역사는 사실과 일치합니다.""}, {""url"": null, ""source"": ""카페 제르보(Cafe Gerbeaud) 공식 정보"", ""fact"": ""카페 제르보는 1858년에 설립되어 약 160년 이상의 역사를 가진 명소로, 광고 내 '150년 역사' 언급은 사실에 부합합니다.""}], ""issues"": [""특이사항 없음: 상업적 기만 요소 미발견"", ""정보 일치: 역사적 사실과 현지 정보 일치""]}",,https://i.ytimg.com/vi/ofI-or9dE8Y/hqdefault.jpg,아웅다웅하면서도 고민보다 GO하는 4형제의 여행 마지막 날｜풍향고2 EP.5 헝가리 부다페스트 #유재석 #이성민 #지석진 #양세찬,1771820247,3788021
EVl1l9RB-rY,10,Clash Royale,,90,2025-11-28T10:02:09Z,"{""summary"": ""광고 스크립트 내 구체적인 기술적 주장이나 검증 가능한 데이터가 부재합니다."", ""patent_check"": null, ""consultation"": ""광고 내용만으로 제품의 성능이나 신뢰성을 판단할 수 없으므로, 공식 홈페이지의 상세 설명을 확인하시기 바랍니다."", ""reliability_level"": ""정보 부족"", ""evidence"": [{""url"": null, ""source"": ""광고 스크립트 분석"", ""fact"": ""제공된 스크립트에는 브랜드명 외에 효능, 특허, 인증 등 검증할 내용이 포함되어 있지 않습니다.""}], ""issues"": [""구체적 정보 부재"", ""검증 가능한 주장 없음""]}",D:\Files\Leaning\sprint_backend\Extraction_EVl1l9RB-rY,https://i.ytimg.com/vi/EVl1l9RB-rY/hqdefault.jpg,CR.Hypeddd.UA.EN.12s.9x16$CR0442-1.mp4,1770734240,2292942
2neNyZlXFMU,,Video ad upload channel for 483-870-6345,,,2026-02-04T00:39:42Z,"{""summary"": ""체향 변화 및 지속력에 대한 주관적이고 과장된 표현이 포함되어 있습니다."", ""patent_check"": null, ""consultation"": ""제품의 향과 보습 효과는 개인차가 크므로, 체향 변화와 같은 과장된 문구에 현혹되지 말고 단순 향료 제품으로 판단하십시오."", ""reliability_level"": ""주의"", ""evidence"": [{""url"": null, ""source"": ""식품의약품안전처 화장품 광고 가이드라인"", ""fact"": ""화장품은 인체의 구조 및 기능을 변경하거나 체질을 바꿀 수 없으므로 '체향을 바꿔준다'는 표현은 과장 광고의 소지가 있습니다.""}, {""url"": null, ""source"": ""일반 향료학 정보"", ""fact"": ""발향 제품의 지속력은 피부 타입과 환경에 따라 상이하며, 다음날까지 잔향이 지속된다는 주장은 객관적 검증이 어렵습니다.""}], ""issues"": [""체향 변화 주장"", ""지속력 과장 가능성"", ""감성적 유혹 마케팅""]}",,https://i.ytimg.com/vi/2neNyZlXFMU/hqdefault.jpg,Shortened: 남자들 주목! 여자들이 좋아하는 폭닥 살냄새💗,1770808731,8
f279cGwE4O0,,INBORA인보라,,,2026-02-08T12:42:37Z,"{""summary"": ""주관적 사용감 중심의 뷰티 리뷰이며, 허위 특허나 의학적 오인 유도 표현이 없어 안전합니다."", ""patent_check"": null, ""consultation"": ""개인의 피부 톤과 타입에 따라 발색이 다를 수 있으므로 오프라인 매장 테스트 후 구매를 권장합니다."", ""reliability_level"": ""안전"", ""evidence"": [{""url"": null, ""source"": ""식약처 화장품 표시·광고 관리 가이드라인"", ""fact"": ""질병 예방 및 치료 효능 표방 등 의학적 오인 우려가 있는 위반 표현이 발견되지 않았습니다.""}, {""url"": null, ""source"": ""제품 정보 확인"", ""fact"": ""언급된 헤라, 힌스, 삐아 등은 실제 출시된 색조 화장품이며 주관적인 제형과 색상 리뷰 위주로 구성되었습니다.""}], ""issues"": [""[주관적평가] 개인별 발색 차이 주의"", ""[단점명시] 제품별 기능적 한계 정보 제공""]}",,https://i.ytimg.com/vi/f279cGwE4O0/hqdefault.jpg,"요즘 핫한 신상🔥살까?말까? 고민중이라면 보세요‼️궁금했던 신상템 첫인상 리뷰 (힌스블러틴트, 투슬래시포립칠러, 루미르블러셔,네이밍치크밤등)ㅣ인보라INBORA",1771945354,30523
VBxjLx4nxWQ,,해운대 공구왕 송사장,,,2025-09-15T10:05:11Z,"{""summary"": ""실제 식품 공법(감압 건조)을 바탕으로 한 단순 가격 할인 프로모션 광고로 기만 요소가 없습니다."", ""patent_check"": null, ""consultation"": ""전형적인 공동구매 형태의 식품 광고입니다. 구매 전 판매 페이지에서 원산지와 총 중량을 반드시 확인하십시오."", ""reliability_level"": ""안전"", ""evidence"": [{""url"": null, ""source"": ""식품과학기술대사전"", ""fact"": ""감압 건조는 진공 상태에서 수분을 제거하여 풍미를 보존하는 실제 존재하는 가공 기술입니다.""}, {""url"": null, ""source"": ""광고 스크립트 분석"", ""fact"": ""질병 치료 효능이나 허위 특허 등 법적 규제 대상이 되는 과대 광고 표현이 발견되지 않았습니다.""}], ""issues"": [""[가격유도] 앵커링 기법을 통한 할인 강조"", ""[기술강조] 감압건조 공법의 맛 우수성 강조""]}",,https://i.ytimg.com/vi/VBxjLx4nxWQ/hqdefault.jpg,곧 설날! 반건시 선물세트 가격 찢었어요^^🎉 #shorts,1771073574,6646401
7H787_DXmD0,,우주하마,,,2026-02-22T02:30:12Z,"{""summary"": ""공식 미출시 게임을 '챕터 5'로 허위 홍보하여 팬 메이드 게임을 공식으로 오인케 합니다."", ""patent_check"": null, ""consultation"": ""해당 영상은 공식 후속작이 아닌 팬 메이드 게임입니다. 공식 제작사의 정보가 아니므로 다운로드나 결제 시 유의하십시오."", ""reliability_level"": ""주의"", ""evidence"": [{""url"": ""https://www.mobentertainment.com/"", ""source"": ""Mob Entertainment 공식 채널"", ""fact"": ""현재 파피 플레이타임은 공식적으로 챕터 3까지만 출시되었으며, 챕터 5는 출시 정보가 없습니다.""}], ""issues"": [""[허위정보] 공식 미출시 게임임"", ""[기만수법] 팬 게임을 공식 사칭""]}",,https://i.ytimg.com/vi/7H787_DXmD0/hqdefault.jpg,단연코 1위 공포게임 5,1771772660,213471
2WY6tJUILns,,JTBC Life,,,2025-03-16T23:43:51Z,"{""summary"": ""방송 요리 대결 영상으로, 기만적 표현이나 허위 주장이 발견되지 않아 안전합니다."", ""patent_check"": null, ""consultation"": ""일반적인 예능 방송 콘텐츠입니다. 허위·과대 광고 요소가 없으므로 안심하고 시청하시기 바랍니다."", ""reliability_level"": ""안전"", ""evidence"": [{""url"": ""https://www.jtbc.co.kr/"", ""source"": ""JTBC 냉장고를 부탁해"", ""fact"": ""김소희, 최강록 셰프의 요리 대결을 담은 실제 방송 클립이며, 의학적 효능이나 허위 특허를 주장하지 않습니다.""}], ""issues"": [""[-] 위반 항목 없음""]}",,https://i.ytimg.com/vi/2WY6tJUILns/hqdefault.jpg,[#최강록레시피] ＂나 좀 놔또!!!!!!＂ 결국 터진 조림핑?!🔥 최강록의 분노 가득 낫토 파스타 레시피ㅣ냉장고를 부탁해ㅣJTBC 250309 방송,1771766352,361860
Hm0A2O30gWY,,Framer,,,2025-03-25T15:31:09Z,"{""summary"": ""공식 파트너 프로그램의 실제 혜택과 광고 내용이 일치하며, 글로벌 플랫폼의 검증된 수익 모델입니다."", ""patent_check"": null, ""consultation"": ""공식 홈페이지에서 크리에이터 신청 자격과 세부 약관을 확인하십시오. 고수익은 템플릿 품질과 마케팅 성과에 따라 결정됩니다."", ""reliability_level"": ""안전"", ""evidence"": [{""url"": ""https://www.framer.com/partners/"", ""source"": ""Framer Official Site (Partners)"", ""fact"": ""Framer는 파트너에게 신규 구독료의 50%를 1년간 제공하며, 템플릿 판매 수수료 0% 정책을 실제 운영 중입니다.""}], ""issues"": [""[수익변동] 개인 역량별 수익 차이"", ""[심사필요] 파트너 승인 절차 존재""]}",,https://i.ytimg.com/vi/Hm0A2O30gWY/hqdefault.jpg,Framer Creators: How Designers Earn Money & Build Passive Income with Framer,1771932272,13227184
Ga-W1a4x_08,,Video ad upload channel for 915-686-9758,,,2026-01-27T15:41:33Z,"{""summary"": ""공공기관의 공익 캠페인 광고이며, 허위·과장된 기능성 주장이 없어 안전합니다."", ""patent_check"": null, ""consultation"": ""대한민국 공공기관인 국민건강보험의 브랜드 광고이므로 안심하고 시청하셔도 됩니다."", ""reliability_level"": ""안전"", ""evidence"": [{""url"": ""https://www.nhis.or.kr"", ""source"": ""국민건강보험공단 공식 홈페이지"", ""fact"": ""해당 광고는 국민건강보험공단의 브랜드 이미지 제고를 위한 공익 홍보 영상입니다.""}], ""issues"": [""[안전: 공공기관 브랜드 광고]"", ""[안전: 과장된 효능 언급 없음]""]}",,https://i.ytimg.com/vi/Ga-W1a4x_08/hqdefault.jpg,Blurry: 최예나 | 기억의 계약 OST Sketch,1771154115,223
j-Rh02aD5ao,,이마트 LIVE,,,2026-02-06T09:01:10Z,"{""summary"": ""실제 대형마트 지점의 명절 판촉 광고로, 허위 정보나 과장된 의학적 주장이 없어 안전합니다."", ""patent_check"": null, ""consultation"": ""특허나 질병 치료를 사칭하지 않는 정상적인 매장 홍보 영상입니다. 필요한 상품 정보를 참고하여 쇼핑하시기 바랍니다."", ""reliability_level"": ""안전"", ""evidence"": [{""url"": ""https://store.emart.com"", ""source"": ""네이버 지도 및 이마트 공식 홈페이지"", ""fact"": ""이마트 창동점은 서울 도봉구에 위치한 실제 운영 중인 대형마트 지점입니다.""}, {""url"": ""https://various.foodsafetykorea.go.kr/nutri/"", ""source"": ""식약처 식품영양성분 데이터베이스"", ""fact"": ""굴은 타우린 등이 풍부해 피로 해소에 도움을 줄 수 있는 일반적인 제철 수산물입니다.""}], ""issues"": [""[현장추천] 매장 직원의 실제 상품 권유"", ""[정보전달] 명절 제수용품 및 제철 식품 안내""]}",,https://i.ytimg.com/vi/j-Rh02aD5ao/hqdefault.jpg,장시만요! 설 명절 준비를 위한 필수템은? ‍🙇‍ ｜창동점 편,1771154147,1276408
1Ccyl9he2Ig,30,헤이딜러,,70,2026-01-30T09:39:40Z,"{""summary"": ""무상 혜택의 세부 조건과 '무사고' 기준 확인이 필요한 광고입니다."", ""patent_check"": null, ""consultation"": ""광고의 '무상' 혜택이 모든 수리비를 포함하는지, '무사고'가 단순 교환도 없는 완전 무사고인지 약관을 반드시 대조하십시오."", ""reliability_level"": ""주의"", ""evidence"": [{""url"": null, ""source"": ""자동차관리법 및 업계 기준"", ""fact"": ""법적 '무사고'는 프레임 손상이 없는 상태를 뜻하며, 단순 외판(문, 펜더) 교체 차량도 포함될 수 있습니다.""}, {""url"": null, ""source"": ""중고차 플랫폼 서비스 약관"", ""fact"": ""통상적인 '1년 무상 AS'는 주행거리 제한, 특정 부품 제외, 소정의 자기부담금 등 제약 조건이 붙는 경우가 많습니다.""}], ""issues"": [""보증 범위 오인 위험"", ""무사고 법적 기준 차이"", ""조건부 무료 가능성""]}",D:\Files\Leaning\sprint_backend\Extraction_1Ccyl9he2Ig,https://i.ytimg.com/vi/1Ccyl9he2Ig/hqdefault.jpg,USP SALE VER VID FEB,1770743877,6923874
b2FfdmudwLk,,third,,,2026-01-13T06:05:29Z,"{""summary"": ""의학적 사실 왜곡과 공포 마케팅을 결합한 전형적인 과장 광고입니다."", ""patent_check"": null, ""consultation"": ""백태가 원인이 아니라는 주장은 의학적으로 사실이 아닙니다. 광고에 의존하기보다 치과에서 정확한 구취 원인을 진단받으십시오."", ""reliability_level"": ""위험"", ""evidence"": [{""url"": ""https://health.kdca.go.kr"", ""source"": ""국가건강정보포털(의학정보)"", ""fact"": ""구취의 약 85~90%는 구강 내 원인이며, 잇몸 질환뿐만 아니라 혀의 백태(설태)가 가장 주요한 원인 중 하나입니다.""}, {""url"": null, ""source"": ""식품의약품안전처 광고 가이드라인"", ""fact"": ""일반 유산균 제품을 즉각적인 세균 박멸(89.3%)이나 질병 치료 효과가 있는 것처럼 묘사하는 것은 허위·과장 광고에 해당할 소지가 큽니다.""}], ""issues"": [""원인 단정 및 왜곡"", ""공포 마케팅 유도"", ""의학적 효능 과장"", ""검증 불가 수치 인용""]}",,https://i.ytimg.com/vi/b2FfdmudwLk/hqdefault.jpg,지금이 제일 싸요,1770746294,16387751
ho4jeQNssGA,,DX: 각성자들,,,2026-01-16T09:50:43Z,"{""summary"": ""제품명 및 구체적인 효능 주장이 결여되어 있어 광고의 신뢰성을 판단할 정보가 부족합니다."", ""patent_check"": null, ""consultation"": ""해당 문구는 특정 상품 판매를 위한 광고라기보다 캐릭터 대사나 티저 영상의 일부로 보입니다. 구매 결정의 근거로 삼을 수 있는 정보가 없습니다."", ""reliability_level"": ""정보 부족"", ""evidence"": [{""url"": null, ""source"": ""스크립트 내용 분석"", ""fact"": ""제공된 스크립트에는 특정 상품의 명칭, 성분, 특허 번호 또는 의학적 효능에 대한 언급이 전혀 포함되어 있지 않습니다.""}], ""issues"": [""[정보부족] 제품/서비스 식별 불가"", ""[검증불가] 상업적 주장 부재""]}",,https://i.ytimg.com/vi/ho4jeQNssGA/hqdefault.jpg,V00084 DRC KR 本地化 角色立绘 多人群像 图鉴 916 30秒 LJZ ZL 260114,1771073637,529656
wA21nN1MOa8,,TRICKCAL UA,,,2026-02-10T08:08:55Z,"{""summary"": ""게임 캐릭터의 서사와 설정을 담은 픽션 광고이며, 기만적인 상업적 주장이 발견되지 않아 안전합니다."", ""patent_check"": null, ""consultation"": ""게임 캐릭터의 정체성과 세계관을 소개하는 픽션 광고입니다. 실생활 제품에 대한 허위·과장 광고 요소가 없으므로 안심하고 시청하셔도 됩니다."", ""reliability_level"": ""안전"", ""evidence"": [{""url"": ""https://re1999.bluepoch.com/kr/"", ""source"": ""게임 '리버스: 1999' 캐릭터 정보"", ""fact"": ""해당 스크립트는 게임 내 3성 캐릭터 '잉클'의 대사와 가상 배경 설정을 기반으로 한 홍보 영상입니다.""}], ""issues"": [""[픽션중심] 캐릭터 배경 설정임"", ""[주장부재] 제품 효능에 대한 언급 없음""]}",,https://i.ytimg.com/vi/wA21nN1MOa8/hqdefault.jpg,트릭컬 잉클 테마극장 UA 1080x1920,1771312183,939576
niaFBj28V7s,,beautypl,,,2024-09-20T03:00:38Z,,,https://i.ytimg.com/vi/niaFBj28V7s/hqdefault.jpg,[유료광고] 7대 모공 고민 퀵 교정! #모공순삭세럼 (feat. 바이오힐 보)ㅣ뷰티쁠(BEAUTY+),1771154393,413
0A3UT2ISjgo,,냥코대전쟁 공식 채널,,,2026-01-23T02:11:53Z,,,https://i.ytimg.com/vi/0A3UT2ISjgo/hqdefault.jpg,설날 이벤트 개최 중,1771152914,1778891
aM4Wp5W_ZkE,,네오아카데미,,,2025-11-20T08:21:33Z,,,https://i.ytimg.com/vi/aM4Wp5W_ZkE/hqdefault.jpg,그림 귀찮은 부분만 남았을 때 쓰는 꼼수😏,1770571462,521899
nTsOh2w_JHE,,WTF_AI_OFFICIAL,,,2025-06-25T14:06:43Z,"{""summary"": ""장마철 미끄럼 사고 위험성에 대한 일반적인 사실 언급입니다."", ""patent_check"": null, ""consultation"": ""제시된 스크립트는 사실에 기반한 주의 환기 문구입니다. 이후 제품의 특정 효능이나 특허를 주장할 경우 추가 검증이 필요합니다."", ""reliability_level"": ""안전"", ""evidence"": [{""url"": null, ""source"": ""도로교통공단 및 뉴스"", ""fact"": ""장마철에는 빗물로 인해 노면 마찰력이 줄어들어 미끄럼 사고가 급증한다는 것은 통계적으로 증명된 사실입니다.""}], ""issues"": [""특이사항 없음""]}",,https://i.ytimg.com/vi/nTsOh2w_JHE/hqdefault.jpg,사람들이 다 속았던 AI 영상,1770801838,122453
SO-2qOni-J0,,Clash Royale,,,2025-11-28T10:05:13Z,,,https://i.ytimg.com/vi/SO-2qOni-J0/hqdefault.jpg,CR.TooEasy.UA.EN.14s.9x16$CR0445-1.mp4,1771073590,18996241
BXBRk6MtkQo,,안까의사 [강남이오스안과],,,2026-02-11T08:21:53Z,"{""summary"": ""공포 마케팅(기존 수술 부작용 과장) 및 최상급 표현 사용으로 인한 주의 등급입니다."", ""patent_check"": null, ""consultation"": ""마케팅 용어에 현혹되지 말고, 실제 의료 장비의 명칭과 수술별 부작용 발생률을 전문의와 충분히 상담하십시오."", ""reliability_level"": ""주의"", ""evidence"": [{""url"": null, ""source"": ""의료광고 심의 가이드라인"", ""fact"": ""부작용을 지나치게 부각하여 공포를 조성하거나, '완벽' 등 보장성 표현을 사용하는 것은 의료광고법 위반 소지가 큼.""}, {""url"": null, ""source"": ""안과 의료 정보 검색"", ""fact"": ""'스마트 노바'는 특정 안과의 마케팅 브랜드명이며, 실제로는 Schwind ATOS 장비를 활용한 수술을 의미함.""}], ""issues"": [""[공포조장] 기존 수술 부작용 과장"", ""[과장표현] 완벽 등 최상급 단어 사용"", ""[기술혼동] 특정 안과 마케팅 용어""]}",,https://i.ytimg.com/vi/BXBRk6MtkQo/hqdefault.jpg,2026 스마일라식 최신 기술 근황(스마트노바),1771153963,18488
KUYWWizN9Ew,,피부백과,,,2025-12-31T09:46:10Z,"{""summary"": ""화해 1위 등 성과는 사실이나, 효능 과장 및 의약품 오인 우려가 있음"", ""patent_check"": null, ""consultation"": ""브랜드 인지도는 실존하나 화장품은 보조 수단일 뿐입니다. 중증 여드름은 반드시 전문의와 상담하십시오."", ""reliability_level"": ""주의"", ""evidence"": [{""url"": null, ""source"": ""화해(Hwahae) 및 브랜드 보도자료"", ""fact"": ""피캄(P.CALM) 등 특정 브랜드가 화해 1위 및 현대백화점 팝업을 진행한 사실은 실제 확인됨.""}, {""url"": null, ""source"": ""식품의약품안전처(KFDA) 화장품법"", ""fact"": ""화장품이 여드름을 '녹여버린다'거나 의약품 성분을 강조하여 단기간에 완치한다는 표현은 과대광고에 해당할 수 있음.""}], ""issues"": [""의학적 효능 과장"", ""의약품 오인 유도"", ""단기간 완치 강조""]}",,https://i.ytimg.com/vi/KUYWWizN9Ew/hqdefault.jpg,9대16 전빠썰 ver1,1770799350,46866
BoG0YUlCrc8,,지식코리야,,,2025-12-19T03:49:52Z,"{""summary"": ""의료 사고를 극단적인 표현으로 묘사하여 시청자에게 과도한 공포심을 조장하는 광고입니다."", ""patent_check"": null, ""consultation"": ""의학적 사실에 기반한 내용이나 지나치게 자극적입니다. 희귀한 사례이므로 과도한 불안감을 가질 필요는 없습니다."", ""reliability_level"": ""주의"", ""evidence"": [{""url"": ""https://www.google.com/search?q=James+Caswell+anesthesia+awareness"", ""source"": ""의학 학술지 및 뉴스"", ""fact"": ""수술 중 각성은 실제 발생 가능한 의료 현상이며, 제시된 캐스웰(James Caswell) 사례와 0.005%~0.1%의 확률은 의학적 근거가 존재합니다.""}, {""url"": null, ""source"": ""식약처 광고 심의 가이드라인"", ""fact"": ""의학적 사실을 전달하더라도 쇠꼬챙이 등 혐오감을 주거나 공포를 유발하는 자극적인 묘사는 광고 심의 위반 소지가 있습니다.""}], ""issues"": [""[공포조장] 자극적인 고통 묘사"", ""[불안유발] 희귀 사례의 일반화""]}",,https://i.ytimg.com/vi/BoG0YUlCrc8/hqdefault.jpg,"인간이 수술 중, 깨어난다면…",1771190537,1182291
JJFRmHFcbD4,,Framer,,,2025-06-20T17:18:22Z,"{""summary"": ""실제 제공 중인 서비스 기능을 기반으로 한 광고이며, 허위 또는 과장된 주장이 발견되지 않아 안전합니다."", ""patent_check"": null, ""consultation"": ""광고된 기능은 실제 서비스에서 작동하나, 프로젝트 규모에 따라 유료 결제가 필요할 수 있으니 요금제를 미리 확인하십시오."", ""reliability_level"": ""안전"", ""evidence"": [{""url"": ""https://www.framer.com"", ""source"": ""Framer 공식 웹사이트"", ""fact"": ""Framer는 실제로 AI 프롬프트를 통해 코드 컴포넌트를 생성하고 디자인하는 기능을 제공하는 웹 빌더 서비스입니다.""}, {""url"": ""https://www.framer.com/pricing"", ""source"": ""Framer 요금제 정책"", ""fact"": ""기본적인 서비스 이용 및 제작은 무료이나, 커스텀 도메인이나 고급 기능을 사용하기 위해서는 유료 플랜 가입이 필요합니다.""}], ""issues"": [""[기능검증] AI 코드 생성 확인됨"", ""[무료여부] 세부 유료 요금제 존재""]}",,https://i.ytimg.com/vi/JJFRmHFcbD4/hqdefault.jpg,Framer Workshop: Where Vibe Coding Meets Design,1771766300,38660424
iCTfSBZag0k,,yuerfeliu,,,2026-01-30T05:58:05Z,"{""summary"": ""유명인 영상 도용 및 의학적 오인 유도 수법이며, 이는 방송 편집을 통한 기만 행위로 위험합니다."", ""patent_check"": null, ""consultation"": ""방송 화면을 짜깁기하여 제품 구매를 유도하는 광고는 사칭일 확률이 매우 높습니다. 탈모 치료는 반드시 전문의와 상담하십시오."", ""reliability_level"": ""위험"", ""evidence"": [{""url"": ""https://www.mfds.go.kr"", ""source"": ""식약처 및 언론 보도"", ""fact"": ""최근 유명 전문의의 방송 출연 영상을 짜깁기하여 탈모 샴푸나 화장품을 의약품처럼 판매하는 사칭 광고가 급증하고 있습니다.""}, {""url"": null, ""source"": ""의학 정보 확인"", ""fact"": ""함익병 원장이 언급한 '바르는 약'은 일반의약품인 미녹시딜 성분을 의미하며, 이를 특정 일반 제품 홍보에 사용하는 것은 명백한 기만입니다.""}], ""issues"": [""[유명인도용] 함익병 원장 영상 무단 편집"", ""[의학적오인] 일반제품을 치료제로 묘사"", ""[기만수법] 방송 발언의 맥락 왜곡""]}",,https://i.ytimg.com/vi/iCTfSBZag0k/hqdefault.jpg,✨연간 최대 할인,1771142044,2325084
V8QUI8mjy6U,,Video ad upload channel for 361-050-8349,,,2026-01-20T11:33:17Z,"{""summary"": ""유해물질 제로 주장 및 의학적 효능 과장 광고"", ""patent_check"": null, ""consultation"": ""유해물질이 전혀 없다는 주장은 허위일 가능성이 매우 높습니다. 금연은 검증된 의약외품이나 보건소 금연클리닉을 통해 진행하십시오."", ""reliability_level"": ""위험"", ""evidence"": [{""url"": ""https://www.mohw.go.kr"", ""source"": ""식품의약품안전처 및 보건복지부"", ""fact"": ""전자담배 기기 및 액상에서 포름알데히드 등 유해물질이 검출되므로 '유해성분 제로' 주장은 과학적 근거가 부족함.""}, {""url"": ""https://www.law.go.kr"", ""source"": ""국가법령정보센터 (표시광고법)"", ""fact"": ""전자담배를 금연 보조제로 홍보하거나 혈색 개선 등 의학적 효능을 표방하는 것은 허위·과장 광고에 해당함.""}], ""issues"": [""유해물질 제로 허위"", ""의학적 효능 과장"", ""금연 보조제 오인 유도""]}",,https://i.ytimg.com/vi/V8QUI8mjy6U/hqdefault.jpg,Blurry: 아버지도 쉽게 금연하셨어요,1770804117,46
FCfX7tYLjKc,,올댓스타,,,2026-01-11T10:18:42Z,"{""summary"": ""허구의 미래 시나리오를 사실처럼 조작한 가짜 뉴스 형태의 기만적 광고로 매우 위험합니다."", ""patent_check"": null, ""consultation"": ""실제 사건에 허구를 교묘히 섞은 가짜 뉴스입니다. 공식 보도가 아닌 정보에 선동되지 않도록 주의하십시오."", ""reliability_level"": ""위험"", ""evidence"": [{""url"": null, ""source"": ""언론 보도 및 법원 공고"", ""fact"": ""2024년 현재 기준, '앤이지' 활동명 변경이나 431억 소송 결과는 존재하지 않는 허구의 사실입니다.""}, {""url"": null, ""source"": ""하이브/어도어 공식 입장"", ""fact"": ""스크립트 내 언급된 멤버별 복귀 및 계약 해지 상세 내역은 공식 발표된 적 없는 자극적 루머입니다.""}], ""issues"": [""[허위사실] 실존하지 않는 활동명 및 판결 유포"", ""[기만수법] 미래 허구를 실제 사건처럼 위장"", ""[명예훼손] 아티스트에 대한 근거 없는 비난 유도""]}",,https://i.ytimg.com/vi/FCfX7tYLjKc/hqdefault.jpg,[기자수첩855] 뉴진스 사태 총정리...22개월 동안 무슨일이 있었나?,1771911002,93566
9U0DEv9wl78,,Aiino 아이노,,,2025-10-31T04:26:28Z,,,https://i.ytimg.com/vi/9U0DEv9wl78/hqdefault.jpg,#알리 #알리익스프레스 #aliexpress #천원마트,1771073649,9419444
cDgCFzE9Eo8,,아임웹,,,2026-01-09T08:20:44Z,"{""summary"": ""아이맵(imweb)의 실제 배송 관리 기능을 활용한 정상적인 사례 광고"", ""patent_check"": null, ""consultation"": ""실존하는 솔루션의 편의 기능을 설명하는 광고입니다. 서비스 도입 전 본인의 쇼핑몰 운영 규모에 맞는 요금제를 확인하십시오."", ""reliability_level"": ""안전"", ""evidence"": [{""url"": ""https://imweb.me"", ""source"": ""아이맵(imweb) 공식 서비스 안내"", ""fact"": ""아이맵은 CJ대한통운 등 주요 택배사와 연동하여 자동 송장 입력 및 배송 상태 추적 기능을 실제로 제공함.""}], ""issues"": [""특이사항 없음""]}",,https://i.ytimg.com/vi/cDgCFzE9Eo8/hqdefault.jpg,배송 관리가 이렇게 쉬운데 왜 몰랐을까 #아임웹 #온라인판매,1770912046,1185567
BsT6yxqx-ZU,,에스피식 SPCHIC,,,2026-02-13T03:00:19Z,"{""summary"": ""주관적 취향 공유 및 일반적인 제품 정보 기반의 일상 리뷰로 정보가 안전합니다."", ""patent_check"": null, ""consultation"": ""개인의 기호를 담은 일반적인 시식 리뷰이므로 안심하고 시청하셔도 됩니다. 입맛에는 개인차가 있을 수 있습니다."", ""reliability_level"": ""안전"", ""evidence"": [{""url"": null, ""source"": ""국내 편의점 및 식품 업계(SPC 삼립 등) 판매 정보"", ""fact"": ""한국의 겨울 간식인 호빵은 실제 쌀 함유 반죽이나 매콤한 참치 등 다양한 맛으로 매년 출시되고 있습니다.""}], ""issues"": [""[일상리뷰] 개인적 의견 위주"", ""[정보일치] 시판 제품 특성 일치""]}",,https://i.ytimg.com/vi/BsT6yxqx-ZU/hqdefault.jpg,빵안에 밥을 보고 충격먹은 외국인 모델 ㅋㅋㅋ,1771155334,61798
1rea8uAbAZ8,5,Tinder Korea,,95,2026-02-06T10:06:31Z,"{""summary"": ""틴더의 실제 인앱 이벤트 및 브랜드 포지셔닝을 홍보하는 광고입니다."", ""patent_check"": null, ""consultation"": ""실제 서비스 중인 기능을 기반으로 한 광고입니다. 타로 결과는 재미로만 참고하시고 앱 내 커뮤니티 가이드를 준수하십시오."", ""reliability_level"": ""안전"", ""evidence"": [{""url"": ""https://www.tinderpressroom.com/"", ""source"": ""틴더(Tinder) 공식 보도자료 및 앱 기능"", ""fact"": ""틴더는 실제 'Explore' 탭을 통해 연애운 타로와 같은 다양한 인앱 인터랙티브 콘텐츠를 제공한 바 있습니다.""}, {""url"": null, ""source"": ""틴더 브랜드 캠페인"", ""fact"": ""틴더는 '사랑뿐만 아니라 우정도 가능하다'는 메시지로 친구 찾기 기능을 공식 지원하고 있습니다.""}], ""issues"": [""주관적 경험 강조"", ""재미 목적의 서비스""]}",D:\Files\Leaning\sprint_backend\Extraction_1rea8uAbAZ8,https://i.ytimg.com/vi/1rea8uAbAZ8/hqdefault.jpg,"썸도 우정도 모두 갖고 싶다면, 틴더❤️‍🔥 #틴더 #tinder #틴더타로 #틴더2026",1770783142,721060
4ttrJXYHIzk,,쇼츠더하기,,,2025-12-05T22:00:06Z,"{""summary"": ""제품 정보 및 구체적 주장이 배제된 일상 대화 형태의 광고로, 신뢰성을 검증할 근거가 부족합니다."", ""patent_check"": null, ""consultation"": ""본 영상은 제품 정보를 숨기고 호기심을 유발하는 '티저' 또는 '네이티브' 광고 형태입니다. 구체적인 주장이나 제품 성분이 확인될 때까지 판단을 유보하고 주의하십시오."", ""reliability_level"": ""정보 부족"", ""evidence"": [{""url"": null, ""source"": ""KIPRIS 및 일반 검색"", ""fact"": ""제공된 스크립트 내에 특허 번호, 기술명, 구체적인 효능 통계나 브랜드 언급이 전혀 포함되어 있지 않습니다.""}], ""issues"": [""[정보부재] 제품명 및 효능 미표시"", ""[형태기만] 광고와 콘텐츠의 경계 불분명""]}",,https://i.ytimg.com/vi/4ttrJXYHIzk/hqdefault.jpg,도경수 놀리는게 재미있는 이수지 #자매다방 #쿠팡플레이 #이수지 #정이랑 #OmFZK,1771773316,1323565
fRBK9_R5XWM,,쮸아쮸아,,,2026-01-05T06:41:06Z,"{""summary"": ""제품에 대한 구체적인 효능 주장이나 기만 요소가 없는 일상적인 대화 형식의 스크립트입니다."", ""patent_check"": null, ""consultation"": ""본 스크립트는 광고의 도입부이거나 일상 콘텐츠로 보이며, 소비자에게 위해를 줄 만한 허위·과장 광고 요소가 발견되지 않습니다."", ""reliability_level"": ""안전"", ""evidence"": [{""url"": null, ""source"": ""스크립트 내용 분석"", ""fact"": ""동물에 관한 일상적인 대화 중 '우엉'과 '부엉이'를 혼동하는 해프닝을 담고 있으며, 상업적 주장이나 특허, 효능에 대한 언급이 전혀 포함되어 있지 않습니다.""}], ""issues"": [""[내용부재] 검증 가능한 제품 정보 없음"", ""[일상대화] 단순 말실수를 활용한 가벼운 대화""]}",,https://i.ytimg.com/vi/fRBK9_R5XWM/hqdefault.jpg,[엔믹스] 보법이 다른 릴황의 딸깍,1771075078,7472405
88YOUZrd090,95,REDILL,,5,2026-01-10T12:47:55Z,"{""summary"": ""유해물질 제로 및 금연 효과에 대한 의학적 근거가 부족하며 과장된 광고임."", ""patent_check"": null, ""consultation"": ""단순 기호품을 금연 치료제로 오인해서는 안 되며, 실제 금연이 목적이라면 검증된 금연 보조제나 전문 상담을 권장합니다."", ""reliability_level"": ""주의"", ""evidence"": [{""url"": ""https://www.mfds.go.kr"", ""source"": ""보건복지부/식약처"", ""fact"": ""니코틴이 없는 액상형 제품도 가열 시 포름알데히드 등 유해물질이 발생할 수 있어 '유해물질 제로'는 성립하기 어렵습니다.""}, {""url"": null, ""source"": ""표시광고법 및 약사법"", ""fact"": ""식약처로부터 '금연보조제' 인증을 받지 않은 제품이 기침 감소, 혈색 개선 등의 의학적 효능을 광고하는 것은 불법 소지가 큽니다.""}], ""issues"": [""유해물질 제로 과장"", ""미인증 건강 효과"", ""금연 보조제 오인 유도""]}",D:\Files\Leaning\sprint_backend\Extraction_88YOUZrd090,https://i.ytimg.com/vi/88YOUZrd090/hqdefault.jpg,꼴초 아빠가 한 방에 금연 성공한 방법,1770746527,4699670
4NIC6gfCOJw,,밈히트,,,2025-10-23T03:00:08Z,"{""summary"": ""넷플릭스 '흑백요리사'의 방송 내용을 사실대로 전달하고 있습니다."", ""patent_check"": null, ""consultation"": ""방송의 주요 장면과 레시피를 정확히 요약한 콘텐츠입니다. 실제 맛이 궁금하다면 편의점 출시 제품을 통해 확인 가능합니다."", ""reliability_level"": ""안전"", ""evidence"": [{""url"": ""https://www.netflix.com/kr/title/81728363"", ""source"": ""넷플릭스 코리아"", ""fact"": ""넷플릭스 예능 '흑백요리사' 8화에서 '나폴리 맛피아'가 밤 티라미수를 조리해 1위를 차지한 내용이 실제 방송되었습니다.""}, {""url"": null, ""source"": ""CU 공식 보도자료"", ""fact"": ""방송 이후 CU 편의점에서 해당 레시피를 기반으로 한 '밤 티라미수 컵' 제품이 실제로 출시되었습니다.""}], ""issues"": [""특이사항 없음""]}",,https://i.ytimg.com/vi/4NIC6gfCOJw/hqdefault.jpg,미션을 듣고 1등을 직감한 나폴리 맛피아,1770801802,14518182
_ux6jEkyyZA,,레몬라이더 lemonrider,,,2025-11-25T03:00:53Z,,,https://i.ytimg.com/vi/_ux6jEkyyZA/hqdefault.jpg,50원에 탈 수 있는 전기자전거?! #비아지오 #비아지오V6 #자전거타는여자,1770650113,3900129
1pRn_XhUbjM,,뽀큐트,,,2026-02-12T08:50:54Z,"{""summary"": ""제품 효능이나 특허 등 검증 가능한 상업적 주장이 포함되지 않은 일반 대화 콘텐츠입니다."", ""patent_check"": null, ""consultation"": ""특정 제품의 효능이나 혜택을 홍보하는 광고가 아니므로 신뢰성 분석 대상에 해당하지 않습니다."", ""reliability_level"": ""정보 부족"", ""evidence"": [{""url"": null, ""source"": ""스크립트 내용 분석"", ""fact"": ""채널명 '뽀키트'의 유래와 친구 사이의 일상적인 대화를 다루고 있을 뿐, 제품 판매를 위한 기능적 주장이 존재하지 않습니다.""}], ""issues"": [""[식별불가] 광고성 효능 주장 없음""]}",,https://i.ytimg.com/vi/1pRn_XhUbjM/hqdefault.jpg,"냉장고를 부탁해 최현석, 드웰러 전속 모델 기념! 뽀큐트x최현석 미방분 탈탈 털어드림",1771155248,169323
-nhkCrOHPY4,,AliExpress_Official,,,2026-01-06T07:07:47Z,"{""summary"": ""[공식프로모션] 신규 회원 대상 실존 혜택이며, 플랫폼의 공격적 마케팅 내용과 일치해 안전합니다."", ""patent_check"": null, ""consultation"": ""신규 회원 1회 한정 혜택임을 인지하십시오. 댓글로 제공되는 외부 링크는 공식 앱으로 연결되는지 반드시 확인 후 결제하시기 바랍니다."", ""reliability_level"": ""안전"", ""evidence"": [{""url"": ""https://www.aliexpress.com"", ""source"": ""알리익스프레스 공식 채널"", ""fact"": ""신규 가입 고객 대상 '웰컴 딜'을 통해 컵라면, 생활용품 등을 1,000원대에 판매하는 프로모션을 실제 운영 중입니다.""}, {""url"": null, ""source"": ""국내 유통 뉴스(K-Venue)"", ""fact"": ""알리의 K-Venue 서비스는 국내 물류센터를 활용하여 한국 브랜드 제품의 익일 또는 수일 내 배송을 보장하고 있습니다.""}], ""issues"": [""[신규한정] 첫 구매자에게만 적용되는 혜택"", ""[댓글유도] 링크 전송 명목의 계정 활동 유도"", ""[한정수량] 인기 품목 조기 품절 가능성 있음""]}",,https://i.ytimg.com/vi/-nhkCrOHPY4/hqdefault.jpg,sein tips,1771069117,13396785
PtitpXtvNeI,,코드잇,,,2025-12-30T09:37:46Z,"{""summary"": ""실제 운영 중인 교육 과정으로 명시된 혜택이 사실과 일치함."", ""patent_check"": null, ""consultation"": ""실제 제공되는 혜택이나, 맥북 지원이 '소유권 이전'인지 '기간 한정 대여'인지 상세 약관을 반드시 확인하십시오."", ""reliability_level"": ""안전"", ""evidence"": [{""url"": ""https://codesprint.oopy.io/"", ""source"": ""코드 스프린트(Code Sprint) 공식 홈페이지"", ""fact"": ""팀스파르타에서 운영하는 실제 부트캠프이며, 교육생 대상 맥북 지원 및 현직자 멘토링을 제공함.""}, {""url"": null, ""source"": ""K-Digital Training 사업 공고"", ""fact"": ""해당 과정은 국비 지원 교육으로, 교육 기간 중 장비 대여 및 인턴십 연계 혜택이 실제로 포함됨.""}], ""issues"": [""맥북 지원 상세조건 확인"", ""인턴십 매칭 기준 확인""]}",,https://i.ytimg.com/vi/PtitpXtvNeI/hqdefault.jpg,📌 디자이너 취준생 필수 영상 | 신입 합격 포트폴리오 공개합니다,1770802274,10741
J6RiC_55N_k,,헤헤홈템,,,2026-02-18T12:30:26Z,"{""summary"": ""기만 수법이 발견되지 않았으며, 이는 실제 판매되는 수동 에스프레소 머신의 특성과 일치하여 안전합니다."", ""patent_check"": null, ""consultation"": ""주관적인 맛 평가는 개인차가 있을 수 있으므로, 실제 압력(Bar) 사양과 세척 편의성을 확인 후 구매하십시오."", ""reliability_level"": ""안전"", ""evidence"": [{""url"": null, ""source"": ""커피 기구 시장 정보"", ""fact"": ""전기 없이 피스톤이나 레버의 압력을 이용해 에스프레소를 추출하는 휴대용 머신은 실제로 널리 유통되는 제품군입니다.""}], ""issues"": [""[기능확인] 수동 가압 방식 제품군"", ""[주관표현] 개인적 감상 위주 묘사""]}",,https://i.ytimg.com/vi/J6RiC_55N_k/hqdefault.jpg,이거 한 입 먹고 진짜 충격 받았어요..,1771773455,25789
51J-UNf91Bs,,련수 rreonsu,,,2026-02-13T09:00:07Z,"{""summary"": ""실제 출시 제품의 제형과 색상을 설명하는 일반적인 리뷰형 광고로 기만 요소가 없습니다."", ""patent_check"": null, ""consultation"": ""제형 및 발색에 대한 주관적인 만족도를 다루는 광고입니다. 개인의 입술 상태에 따라 차이가 있을 수 있으므로 매장 테스트를 권장합니다."", ""reliability_level"": ""안전"", ""evidence"": [{""url"": ""https://www.clubclio.co.kr/"", ""source"": ""페리페라(Peripera) 공식 브랜드 몰"", ""fact"": ""페리페라 '워터 베어 글로이 틴트' 제품군과 '말랑물복' 등 해당 컬러가 실제로 존재하며 판매 중인 것이 확인됩니다.""}, {""url"": null, ""source"": ""식약처 화장품 표시·광고 가이드라인"", ""fact"": ""사용 후기 형태의 제형 묘사(탱글함, 맑은 컬러 등)는 화장품 광고에서 허용되는 범위 내의 표현입니다.""}], ""issues"": [""[정상광고] 주관적 사용감 위주 설명"", ""[정보일치] 실제 판매 중인 컬러 정보""]}",,https://i.ytimg.com/vi/51J-UNf91Bs/hqdefault.jpg,탱글한 물복 보고갈래..🍑⋆˚ 𝜗𝜚˚⋆ 페리페라 무드 글로이 틴트 • makeup,1771154511,62813
WIMINaH5pV4,,베이비톡,,,2025-09-21T09:02:42Z,"{""summary"": ""광고의 도입부만 제시되어 구체적인 제품 정보나 주장이 없으므로 신뢰성을 판단할 수 없습니다."", ""patent_check"": null, ""consultation"": ""실질적인 제품 주장이나 효능 언급이 포함된 전체 광고 스크립트를 제공해야 정확한 분석이 가능합니다."", ""reliability_level"": ""정보 부족"", ""evidence"": [{""url"": null, ""source"": ""스크립트 분석"", ""fact"": ""제시된 스크립트는 단순 대화 형식의 광고 도입부이며, 검증 가능한 수치, 특허, 기술력 또는 제품에 대한 언급이 전혀 포함되어 있지 않습니다.""}], ""issues"": [""[정보부족] 제품 및 효능 주장 없음""]}",,https://i.ytimg.com/vi/WIMINaH5pV4/hqdefault.jpg,"아이의 꿈 ""반박불가""",1771054164,4480968
tLhif2x-eZ0,,써브웨이,,,2026-01-19T22:58:23Z,"{""summary"": ""단순 신메뉴 출시를 안내하는 일반적인 식품 광고로, 허위나 과장된 정보가 포함되어 있지 않습니다."", ""patent_check"": null, ""consultation"": ""허위·과장 광고 요소가 없는 안전한 광고입니다. 개인의 기호에 따라 구매를 결정하시기 바랍니다."", ""reliability_level"": ""안전"", ""evidence"": [{""url"": ""https://www.subway.co.kr/"", ""source"": ""써브웨이 공식 홈페이지 및 보도자료"", ""fact"": ""써브웨이 코리아는 '안창비프 타코 샐러드' 등 타코 시리즈를 실제로 출시하여 판매한 이력이 확인됩니다.""}], ""issues"": [""[정보일치] 실제 출시된 메뉴 홍보"", ""[표현적정] 통상적인 마케팅 수사 사용""]}",,https://i.ytimg.com/vi/tLhif2x-eZ0/hqdefault.jpg,[써브웨이] 타코까지 써브웨이답게 (15s ver.) #shorts,1771311187,5569464
8mXouQYq3Ns,,코덕요정🧚‍♀️,,,2026-02-11T10:15:27Z,"{""summary"": ""주관적 과장 표현이 포함된 일반적 후기성 광고이며, 화장품법 범주 내의 홍보로 판단되어 안전합니다."", ""patent_check"": null, ""consultation"": ""가성비 중심의 주관적인 후기 광고입니다. 과장된 수치 표현에 현혹되지 말고 개인의 피부 타입에 맞는 성분인지 확인 후 구매하십시오."", ""reliability_level"": ""안전"", ""evidence"": [{""url"": null, ""source"": ""식약처 고시 성분"", ""fact"": ""나이아신아마이드와 글루타치온은 피부 미백 및 톤 개선에 도움을 주는 공인된 화장품 성분입니다.""}, {""url"": null, ""source"": ""다이소 제품 유통 정보"", ""fact"": ""언급된 제품들은 다이소에서 실제 판매되는 저가형 일반 화장품으로, 질병 치료를 표방하지 않습니다.""}], ""issues"": [""[과장표현] 수분 200% 등 근거 없는 수치"", ""[주관적단언] '매직' 등 감성적 효능 강조""]}",,https://i.ytimg.com/vi/8mXouQYq3Ns/hqdefault.jpg,다이소 새학기 필수템 3개‼️✨#유료광고,1771055026,669611
TtBGDEj3W7k,,일산 봉이칼국수&쭈꾸미,,,2025-10-22T04:20:10Z,"{""summary"": ""실존 식당의 주관적 맛 평가 중심 홍보이며, 기만이나 허위 주장이 없는 안전한 광고입니다."", ""patent_check"": null, ""consultation"": ""주관적 만족도에 기반한 광고이므로, 방문 전 최신 방문자 리뷰를 참고하여 선택하시기 바랍니다."", ""reliability_level"": ""안전"", ""evidence"": [{""url"": ""https://map.naver.com"", ""source"": ""네이버 지도 및 지역 상권 정보"", ""fact"": ""일산서구 일산동 오마초 인근에 실제 위치하며 10년 이상 운영된 사실이 확인됩니다.""}, {""url"": null, ""source"": ""식당 메뉴 정보"", ""fact"": ""자가재면 칼국수, 가브리살 보쌈 등 광고 내 언급된 메뉴가 실제로 판매 중입니다.""}], ""issues"": [""[주관적표현] 개인적 맛 평가 위주"", ""[실체확인] 일산 소재 실존 식당""]}",,https://i.ytimg.com/vi/TtBGDEj3W7k/hqdefault.jpg,진짜 일산맛집 일산봉이칼국수 쭈꾸미 보쌈_거리 인터뷰 #일산맛집 #일산보쌈맛집,1771153857,1319710
PxDd8GXcmwE,,깡스타일리스트,,,2025-09-21T02:45:06Z,"{""summary"": ""투명한 소재 정보 및 공정 설명을 기반으로 하며, 허위 주장이나 기만적 요소가 발견되지 않아 안전합니다."", ""patent_check"": null, ""consultation"": ""소재와 제작 공정이 투명하게 공개된 광고이나, 니트 특성상 체형별 핏 차이가 있으므로 구매 전 실측 표를 반드시 확인하십시오."", ""reliability_level"": ""안전"", ""evidence"": [{""url"": null, ""source"": ""의류 기술 정보"", ""fact"": ""콤배드 코튼은 정모 과정을 통해 보풀을 방지하는 실제 공정이며, 12게이지는 니트 밀도의 표준 단위입니다.""}, {""url"": null, ""source"": ""브랜드 공식 판매처"", ""fact"": ""'론트(LONT)'는 실존 브랜드로, 광고 내 소재(울/코튼) 및 가격 정보가 실제 판매 사양과 일치합니다.""}], ""issues"": [""[소재공개] 울·코튼 혼용률 상세 설명"", ""[공정구체] 실리콘 워싱 및 게이지 정보 제공"", ""[구매유도] 한정 수량 및 품절 임박 강조""]}",,https://i.ytimg.com/vi/PxDd8GXcmwE/hqdefault.jpg,60%할인 개꿀… 가을 맞이 끝판왕 SS급 가디건 뽑았습니다 [콜라보왕 ep.4],1771132806,84166
zSF53GnnvAk,,HARNA,,,2025-10-01T15:25:01Z,"{""summary"": ""[근거 없는 확언] 단기 체중 감량 보장 및 비과학적인 노화 방지 주장으로 인해 위험합니다."", ""patent_check"": null, ""consultation"": ""단기 고효율을 강조하며 유료 앱 결제를 유도하는 전형적인 과대광고이므로 주의가 필요합니다. 건강한 감량을 위해 균형 잡힌 식단을 병행하십시오."", ""reliability_level"": ""위험"", ""evidence"": [{""url"": null, ""source"": ""의학 및 피트니스 일반 상식"", ""fact"": ""타이치는 균형 감각에 도움을 주나, 하루 9분만으로 단기간에 드라마틱한 체중 감량을 보장하는 과학적 근거는 부족함.""}, {""url"": null, ""source"": ""신진대사 관련 연구"", ""fact"": ""노화에 따른 신진대사 저하를 고려할 때, 50대가 20대보다 체중이 더 빨리 감량된다는 주장은 일반적인 의학 상식에 반함.""}], ""issues"": [""[허위보장] 단기간 XL에서 M 사이즈 변화 확언"", ""[과장광고] 20대보다 빠른 감량이라는 비과학적 주장"", ""[기만기법] 9분 운동으로 회춘한다는 안티에이징""]}",,https://i.ytimg.com/vi/zSF53GnnvAk/hqdefault.jpg,loltaichiwalkha01_v14_cSV_dVO_vid_45_HA_tm1(walk)_tm2(taichi)_len__aMs_gF_9x16_22-09-25,1771142747,10843654
OYM85IwJPLY,,안까의사 [강남이오스안과],,,2026-02-11T09:05:39Z,"{""summary"": ""실존하는 최신 안과 장비의 기술적 특징을 기반으로 제작된 광고이며, 허위 사실이 발견되지 않아 안전합니다."", ""patent_check"": null, ""consultation"": ""장비의 기술력은 검증되었으나, 개인별 안구 상태에 따른 수술 적합성과 부작용 가능성은 반드시 전문의와 상담하십시오."", ""reliability_level"": ""안전"", ""evidence"": [{""url"": ""https://www.eye-tech-solutions.com/"", ""source"": ""SCHWIND eye-tech-solutions"", ""fact"": ""독일 슈빈트(Schwind) 사의 ATOS 장비와 SmartNova 기술은 실제 안구 추적 및 시축 보정 기능을 제공함.""}, {""url"": null, ""source"": ""의료기기 정보"", ""fact"": ""시리우스(Sirius)는 실존하는 각막 지형도 분석 장비이며, 수술 전 정밀 스캔 데이터로 활용됨이 확인됨.""}], ""issues"": [""[확언적표현] 수술 부작용에 대한 언급 미흡"", ""[결과확신] 장비 성능이 결과를 결정한다고 단정""]}",,https://i.ytimg.com/vi/OYM85IwJPLY/hqdefault.jpg,스마일라식 고민하다가 결국 스마트노바 선택하는 이유,1771155488,35404
nMOaPYFPr2g,,Bodyset-anti,,,2026-01-14T09:15:00Z,"{""summary"": ""가짜 질환(지방저화증)을 이용한 공포 마케팅과 비현실적인 감량 수치(한 달 12kg)를 주장하여 매우 위험합니다."", ""patent_check"": null, ""consultation"": ""불안감을 조성하여 구매를 유도하는 전형적인 다크 패턴 광고입니다. 비과학적인 '지방 배출' 주장에 현혹되지 마십시오."", ""reliability_level"": ""위험"", ""evidence"": [{""url"": null, ""source"": ""KIPRIS 특허 및 의학 정보 검색"", ""fact"": ""광고에서 언급된 '급성 지방저화증'은 공식 의학 사전에 존재하지 않는 조어이며, 관련 특허 내역도 전무합니다.""}, {""url"": null, ""source"": ""식약처 부당 광고 가이드라인"", ""fact"": ""건강기능식품이 질병의 예방/치료에 효능이 있다는 오인이나, 단기간(한 달 10kg 이상)의 급격한 감량 보장은 엄격히 금지됩니다.""}], ""issues"": [""[가짜질환] 존재하지 않는 의학 용어로 공포 조장"", ""[과장광고] 한 달 12kg 감량이라는 비현실적 주장"", ""[심리기만] 품절 임박 및 재입고 지연 상술 사용""]}",,https://i.ytimg.com/vi/nMOaPYFPr2g/hqdefault.jpg,친한언니뼈말라툰 스토리형,1771075127,24939
EzyKm18ymw8,,Video ad upload channel for 644-693-9892,,,2025-09-08T06:35:51Z,"{""summary"": ""기사 형식의 기만적 연출과 비현실적 저가 제시로 인한 의료법 위반 우려가 높은 위험 등급입니다."", ""patent_check"": null, ""consultation"": ""방송 연출에 속지 마십시오. 초저가 광고는 대개 뼈이식이나 상부 구조물 비용을 별도로 청구하므로 주의가 필요합니다."", ""reliability_level"": ""위험"", ""evidence"": [{""url"": ""https://www.law.go.kr/법령/의료법"", ""source"": ""의료법 제56조 제2항"", ""fact"": ""기사(News) 또는 전문가의 의견인 것처럼 오인하게 하는 광고는 엄격히 금지됩니다.""}, {""url"": ""https://www.hira.or.kr"", ""source"": ""건강보험심사평가원"", ""fact"": ""임플란트 비급여 평균가는 약 100~120만 원대로, 25만 원은 추가 비용 누락 가능성이 매우 높습니다.""}], ""issues"": [""[기만연출] 뉴스 취재 형식의 광고"", ""[유인행위] 비현실적 저가(25만 원) 제시"", ""[과장보장] 검증 불가한 평생 관리 확언""]}",,https://i.ytimg.com/vi/EzyKm18ymw8/hqdefault.jpg,Blurry: 고양시에 이런 임플란트 혜택이?!,1771068555,2056
HzopVlUTPl8,,Ollocdam,,,2026-02-03T09:43:10Z,"{""summary"": ""의학적 효능 과장(당뇨 치료제 비교) 및 유명인 발언을 특정 제품의 독점적 성능으로 왜곡하여 위험합니다."", ""patent_check"": null, ""consultation"": ""해당 제품은 일반 식품이며 질병 치료제가 아닙니다. 당뇨 등 지병이 있는 경우 반드시 전문의와 상담하고, 치료제를 임의로 대체하지 마십시오."", ""reliability_level"": ""위험"", ""evidence"": [{""url"": null, ""source"": ""식품의약품안전처 광고 가이드라인"", ""fact"": ""일반 식품을 질병의 예방 및 치료에 효능이 있는 것으로 인식할 우려가 있는 광고(당뇨 치료제와 비교 등)는 엄격히 금지됩니다.""}, {""url"": ""https://blueprint.bryanjohnson.com/"", ""source"": ""Project Blueprint (Bryan Johnson)"", ""fact"": ""브라이언 존슨은 고폴리페놀 올리브유의 일반적 기준을 제시했을 뿐, 특정 한국 브랜드(올리브 3)를 공식 추천하거나 독점적 성능을 인증한 바 없습니다.""}], ""issues"": [""[의학적과장] 당뇨 치료제보다 낫다는 비과학적 주장"", ""[질병예방] 여성질환 예방 효과 표방으로 의약품 오인"", ""[기만적유용] 유명인 발언을 특정 제품 홍보에 활용""]}",,https://i.ytimg.com/vi/HzopVlUTPl8/hqdefault.jpg,억만장자올리브유기준_채은윤지_v1_세로.mp4,1771071511,3191931
IVRBTGuElss,,남성을 위한 히든팁,,,2025-12-22T05:09:52Z,"{""summary"": ""인플루언서 추천 및 다수의 실사용 후기로 확인되는 인기 제품입니다."", ""patent_check"": null, ""consultation"": ""편의성과 향에 집중한 바디케어 제품입니다. 등드름 완화는 보습 관리에 따른 부수적 효과일 수 있으므로 치료 목적으로 오인하지 않아야 합니다."", ""reliability_level"": ""안전"", ""evidence"": [{""url"": null, ""source"": ""YouTube 및 SNS"", ""fact"": ""향수 전문 인플루언서 '규미'가 추천한 '살렘 밀크 바디 스프레이'로 확인됩니다.""}, {""url"": null, ""source"": ""판매 페이지 및 리뷰 통계"", ""fact"": ""자사몰 및 외부 쇼핑몰 합산 누적 리뷰 수가 1만 건 이상임을 확인했습니다.""}], ""issues"": [""여드름 개선 개인차 존재"", ""향 지속시간 주관적 차이""]}",,https://i.ytimg.com/vi/IVRBTGuElss/hqdefault.jpg,제발 이거 한 번 써보세요,1770803014,3650207
RJ17hionmFM,,Video ad upload channel for 680-415-5500,,,2025-09-11T14:51:19Z,,,https://i.ytimg.com/vi/RJ17hionmFM/hqdefault.jpg,Blurry: 가격소구 지역 동수원사거리개수제한없이33 1920x1080,1770800630,24
J7tomhVm3uo,,이혜성의 비밀의 방 (만남 원하면 DM),,,2025-12-15T13:04:09Z,"{""summary"": ""제공된 스크립트 내에 검증 가능한 정보가 없습니다."", ""patent_check"": null, ""consultation"": ""실질적인 정보가 포함되지 않은 광고입니다. 구매 시 추가적인 제품 상세 정보를 반드시 확인하십시오."", ""reliability_level"": ""정보 부족"", ""evidence"": [{""url"": null, ""source"": ""스크립트 분석"", ""fact"": ""광고 내용이 단순 추임새와 음악으로만 구성되어 제품이나 효능에 대한 주장을 확인할 수 없습니다.""}], ""issues"": [""구체적 주장 부재"", ""검증 데이터 부족""]}",,https://i.ytimg.com/vi/J7tomhVm3uo/hqdefault.jpg,251215210348,1770805844,1607372
_7O3BLGq0uk,,TVING,,,2026-02-20T09:11:00Z,"{""summary"": ""기만 요소가 없는 브랜드 이미지 광고이며, 기능적 주장이 포함되지 않아 소비자 피해 가능성이 낮습니다."", ""patent_check"": null, ""consultation"": ""브랜드 이미지 제고를 위한 광고로 판단됩니다. 실제 제품이나 서비스를 이용하시기 전 공식 채널을 통해 상세 정보를 확인하십시오."", ""reliability_level"": ""안전"", ""evidence"": [{""url"": null, ""source"": ""스크립트 내용 분석"", ""fact"": ""스크립트 전반이 랩 가사와 일상적인 대화로 구성되어 있으며, 특허·인증·의학적 효능 등 검증이 필요한 주장이 포함되어 있지 않습니다.""}], ""issues"": [""[정보: 구체적 효능 주장 없음]"", ""[표현: 랩 가사 중심의 이미지 전달]""]}",,https://i.ytimg.com/vi/_7O3BLGq0uk/hqdefault.jpg,용띠 듀오 나가신다 길을 비켜라🐉ㅣTVING | #쇼미더머니12,1771773586,43330
djKhrQfgV_8,,결혼정보회사 아로하,,,2024-07-18T06:28:40Z,"{""summary"": ""업체 주장 업력과 법인 설립 정보 간 불일치 확인"", ""patent_check"": null, ""consultation"": ""광고에서 주장하는 21년 업력은 최근 설립된 법인 정보와 다르므로, 실제 운영 이력을 꼼꼼히 확인한 후 계약하십시오."", ""reliability_level"": ""주의"", ""evidence"": [{""url"": null, ""source"": ""공공데이터 및 기업 정보"", ""fact"": ""광고 내 '주식회사 아로하' 법인은 2024년 설립되었으나, 광고는 21년의 업력을 주장하여 차이가 존재함.""}, {""url"": null, ""source"": ""KIPRIS(특허정보검색서비스)"", ""fact"": ""해당 업체명으로 2025년 매칭 시스템 특허 출원 사실은 확인되나 광고 내 특허 언급은 없음.""}], ""issues"": [""업력 21년 근거 불분명"", ""법인 설립일과 차이"", ""성혼 기준 상세 미표기""]}",,https://i.ytimg.com/vi/djKhrQfgV_8/hqdefault.jpg,요즘 결혼을 제일 잘 시키는 결혼정보회사? #shorts #결혼정보회사 #아로하결혼정보,1770809585,733457
afBI7TD5k5Q,,래빗야구,,,2026-02-03T03:00:02Z,,,https://i.ytimg.com/vi/afBI7TD5k5Q/hqdefault.jpg,MLB 갈 것 같은 타자 꿈나무 #야구,1770570702,1293475
Zom9-oeD0uo,,Sildenaminedil,,,2026-01-09T13:37:25Z,"{""summary"": ""객관적 근거 없는 신체 변화 수치 제시 및 성기능 과대광고"", ""patent_check"": null, ""consultation"": ""수치(1.5배, 40분)를 강조한 광고는 허위·과장일 가능성이 매우 높으므로 구매에 주의가 필요합니다."", ""reliability_level"": ""위험"", ""evidence"": [{""url"": ""https://www.mfds.go.kr"", ""source"": ""식품의약품안전처(MFDS)"", ""fact"": ""건강기능식품은 질병 치료나 신체 구조적 변화(사이즈 확대 등)를 유도하는 의약품이 아닙니다.""}, {""url"": null, ""source"": ""제품 성분 분석 (L-아르기닌 등)"", ""fact"": ""산화질소 생성 성분은 혈행 개선에 도움을 줄 수 있으나, 광고와 같은 즉각적·물리적 팽창 효과는 입증되지 않았습니다.""}], ""issues"": [""비과학적 효능 과장"", ""허위 수치(1.5배) 제시"", ""부적절한 성적 묘사""]}",,https://i.ytimg.com/vi/Zom9-oeD0uo/hqdefault.jpg,남편이 이거로 달라졌어요 평소랑 달라요 3,1770802640,2666705
caQCgB18UyI,,쇼츠픽,,,2026-02-05T08:00:46Z,,,https://i.ytimg.com/vi/caQCgB18UyI/hqdefault.jpg,바리깡으로 밀어도 안 잘리는 머리카락의 정체,1770645552,4592362
xBfD5TMYQxE,,피부백과,,,2026-02-06T01:25:26Z,,,https://i.ytimg.com/vi/xBfD5TMYQxE/hqdefault.jpg,9대16 가격조정영배 2,1771214896,18490
z7YjlKPvJMA,,기훈박,,,2026-02-06T02:54:52Z,"{""summary"": ""성장판이 닫힌 성인의 키 성장을 주장하는 의학적 허위 광고"", ""patent_check"": null, ""consultation"": ""성인의 키 성장은 현대 의학으로 불가능합니다. 해당 광고는 허위 사례를 활용한 과대광고일 가능성이 매우 높으므로 구매에 주의하십시오."", ""reliability_level"": ""위험"", ""evidence"": [{""url"": ""http://www.kapes.or.kr/"", ""source"": ""대한소아내분비학회"", ""fact"": ""성장판이 닫힌 성인은 골격 성장이 멈추며, 특정 영양제 섭취로 키가 다시 크는 것은 생물학적으로 불가능함.""}, {""url"": ""https://www.mfds.go.kr"", ""source"": ""식품의약품안전처"", ""fact"": ""키 성장에 도움을 주는 것으로 인정된 건강기능식품 원료는 극히 일부이며, 성인 대상 효능이 입증된 사례는 없음.""}], ""issues"": [""비과학적 성장 주장"", ""성장판 무시 공포 마케팅"", ""검증되지 않은 효능""]}",,https://i.ytimg.com/vi/z7YjlKPvJMA/hqdefault.jpg,성인먹지마 gg.mp4,1770804605,401387
9H10_qJCyrU,,Video ad upload channel for 594-617-0366,,,2026-02-06T02:14:47Z,"{""summary"": ""제품의 실제 작동 방식(폭발 여부)에 대한 합리적 의구심을 위협적인 연출로 회피하여 오인을 유도합니다."", ""patent_check"": null, ""consultation"": ""광고의 자극적인 연출에 현혹되지 마십시오. 실제 제품 상세페이지에서 작동 원리와 KC 안전 인증 여부를 반드시 확인해야 합니다."", ""reliability_level"": ""주의"", ""evidence"": [{""url"": null, ""source"": ""제품 일반 정보 검색"", ""fact"": ""브롤스타즈 관련 공식 굿즈 중 물리적으로 파편이 튀며 터지는 기능이 포함된 장난감은 확인되지 않습니다.""}, {""url"": null, ""source"": ""광고 연출 분석"", ""fact"": ""작동 여부를 묻는 질문에 '맞아볼래?'라고 대응하는 방식은 제품의 단점을 은폐하려는 기만적 연출에 해당합니다.""}], ""issues"": [""[과장연출] 실제 폭발 여부 확인 불가"", ""[부적절언행] 비판 의견에 폭력적 대응 연출"", ""[정보부재] 제품의 구체적 제원 미공개""]}",,https://i.ytimg.com/vi/9H10_qJCyrU/hqdefault.jpg,Shortened: BS.IBYC.KoreanNewsV1.KO.47s.9x16$BS00328-11.mp4,1772006798,657
A86xkS99Wh0,5,말왕TV,,95,2025-09-09T01:11:44Z,"{""summary"": ""실존 제품의 특정 맛을 홍보하는 단순 상황극 광고입니다."", ""patent_check"": null, ""consultation"": ""특정 맛 출시를 알리는 연출된 영상입니다. 단백질 보충 목적이라면 구매 전 당 함량과 단백질 비율을 확인하십시오."", ""reliability_level"": ""안전"", ""evidence"": [{""url"": ""https://www.myprotein.co.kr/"", ""source"": ""마이프로틴 공식 홈페이지"", ""fact"": ""마이프로틴 브랜드에서 '임팩트 웨이 프로틴 코리안 믹스 커피맛'을 실제 판매 중입니다.""}, {""url"": ""https://www.foodsafetykorea.go.kr"", ""source"": ""식품안전나라 (식약처)"", ""fact"": ""해당 제품군은 일반적인 단백질 보충제로, 성분에 대한 특별한 허위 정보는 확인되지 않습니다.""}], ""issues"": [""자극적인 상황 연출"", ""기술적 근거 부재"", ""단순 맛 홍보 중심""]}",D:\Files\Leaning\sprint_backend\Extraction_A86xkS99Wh0,https://i.ytimg.com/vi/A86xkS99Wh0/hqdefault.jpg,말왕을 닮은 구독자,1770734084,3990743
7Jhxt1BnbdU,,le wang,,,2025-12-16T13:50:16Z,"{""summary"": ""신속한 소프트웨어 출시와 수익화를 강조하는 서비스 광고입니다."", ""patent_check"": null, ""consultation"": ""단순 웹페이지나 MVP 구축에는 유리할 수 있으나, 복잡한 기능 구현 시 소요 시간과 비용이 늘어날 수 있음을 유의하십시오."", ""reliability_level"": ""안전"", ""evidence"": [{""url"": ""https://manus.ai"", ""source"": ""Google 검색"", ""fact"": ""매노스(Manus)는 아이디어를 실제 제품으로 구현해주는 AI 에이전트 기반 서비스로 확인됩니다.""}, {""url"": ""https://stripe.com"", ""source"": ""Stripe 공식 문서"", ""fact"": ""Stripe는 전 세계적으로 널리 사용되는 결제 솔루션으로, 다양한 플랫폼과의 연동을 지원합니다.""}], ""issues"": [""과장된 속도 표현"", ""실제 구현 난이도 미반영""]}",,https://i.ytimg.com/vi/7Jhxt1BnbdU/hqdefault.jpg,Manus-YM-AI-TX-GG-ALL-KO-vidE-A01-TY015-Avery-251119-001-916-website-money.mp4,1770805243,9789
8IEhRaNqrgY,,한조 TFT,,,2026-02-08T04:27:26Z,,,https://i.ytimg.com/vi/8IEhRaNqrgY/hqdefault.jpg,도대체 무슨 일이야? 킨드레드 왜 불사가 아니야? #TFT #롤토체스 #teamfighttactics,1770571131,186161
8vDmZbcF1Bo,,오해투,,,2026-02-04T08:14:10Z,,,https://i.ytimg.com/vi/8vDmZbcF1Bo/hqdefault.jpg,[엔믹스]옷 좀 여며 시리즈ㅋㅋㅋ#오해원 #아이돌 #연예인,1770571403,2583019
2OIpDPxZNtA,,The미식,,,2026-01-14T08:38:39Z,"{""summary"": ""구체적인 브랜드 정보와 검증 가능한 핵심 주장이 누락되어 신뢰성 판단이 어렵습니다."", ""patent_check"": null, ""consultation"": ""광고 주체와 제품명을 확인하기 전까지는 판단을 유보하십시오. 실제 구매 시에는 성분표와 위생 인증 정보를 직접 대조해야 합니다."", ""reliability_level"": ""정보 부족"", ""evidence"": [{""url"": null, ""source"": ""광고 스크립트 분석"", ""fact"": ""스크립트 내에 특정 브랜드나 성분 함량, 인증 내역 등 사실 관계를 대조할 만한 구체적 정보가 포함되어 있지 않습니다.""}], ""issues"": [""[정보부족] 업체명 및 제품명 식별 불가"", ""[검증불가] 야채 추출물 함량 근거 부재""]}",,https://i.ytimg.com/vi/2OIpDPxZNtA/hqdefault.jpg,[장인라면 맛있게 먹는법 – 딘딘 편],1771155362,273021
YMyP3eAgy6w,,코드잇,,,2025-11-19T01:18:54Z,"{""summary"": ""국비 지원 제도와 실습 교육 내용을 사실 기반으로 안내하는 신뢰할 수 있는 광고입니다."", ""patent_check"": null, ""consultation"": ""본인 명의의 내일배움카드 발급 가능 여부와 잔여 지원금을 먼저 확인한 후 수강을 결정하십시오."", ""reliability_level"": ""안전"", ""evidence"": [{""url"": ""https://www.hrd.go.kr"", ""source"": ""고용노동부 HRD-Net 및 교육 플랫폼"", ""fact"": ""국민내일배움카드 K-Digital Credit 과정의 자부담금(약 10%, 5만원 내외) 구조 및 UI 디자인 커리큘럼이 실제 운영 정보와 일치합니다.""}], ""issues"": []}",,https://i.ytimg.com/vi/YMyP3eAgy6w/hqdefault.jpg,UI 디자인 실력 제대로 키우고 싶은 분은 보세요,1771312235,405390
4iyNDbYgtCY,,학교종,,,2026-02-09T19:40:14Z,,,https://i.ytimg.com/vi/4iyNDbYgtCY/hqdefault.jpg,현아 댄스 커버 무대하는 여배우 김유정 바쁜 스케줄에도 얼마나 연습한거임..?,1771046898,1727917
WgAnTCid59M,,파뿌리,,,2023-03-26T09:00:28Z,"{""summary"": ""기만 수법이 없는 일반 예능 콘텐츠이며, 특정 제품의 효능을 왜곡하지 않아 안전합니다."", ""patent_check"": null, ""consultation"": ""단순 오락 및 음식 문화 소개 영상입니다. 영상 내 '늘씬한 이유' 등의 표현은 주관적 감상이므로 가볍게 시청하십시오."", ""reliability_level"": ""안전"", ""evidence"": [{""url"": null, ""source"": ""KIPRIS(특허정보검색서비스)"", ""fact"": ""스크립트 내 특허 번호나 기술적 등록 자산에 대한 언급이 전혀 없습니다.""}, {""url"": null, ""source"": ""콘텐츠 분석"", ""fact"": ""특정 제품을 판매하기 위한 광고가 아닌, 태국과 베트남 음식을 비교하는 예능성 영상입니다.""}], ""issues"": [""[정보] 일반 먹방 예능"", ""[없음] 허위/과장 주장 없음""]}",,https://i.ytimg.com/vi/WgAnTCid59M/hqdefault.jpg,24시간동안 태국 음식 VS 베트남 음식!! 한국인에 입맛에 더 맞는 음식은 뭘까?!,1771132472,2515066
xjn_5CYYnrY,,리얼클래스 - 진짜 원어민 영어회화,,,2025-07-31T07:34:54Z,"{""summary"": ""유료 패키지 결제가 필수임에도 조건 없이 기기를 증정하는 듯한 표현이 소비자 오인을 유발해 주의가 필요합니다."", ""patent_check"": null, ""consultation"": ""아이패드 비용이 포함된 전체 결제 금액을 확인하고, 중도 해지 시 기기 잔금 반환 조건을 반드시 확인하십시오."", ""reliability_level"": ""주의"", ""evidence"": [{""url"": ""https://realclass.co.kr"", ""source"": ""리얼클래스 공식 홈페이지 및 이용약관"", ""fact"": ""아이패드는 별도의 '기기 결합 패키지'를 유료로 구매해야 제공되며, 기기 대금이 수강료에 포함되어 있습니다.""}, {""url"": null, ""source"": ""공정거래위원회 전자상거래 소비자보호 지침"", ""fact"": ""경품이 아닌 판매 상품의 일부인 경우 '무료'나 '증정' 표현을 사용하는 것은 기만적 광고에 해당할 수 있습니다.""}], ""issues"": [""[조건은닉] 고가 패키지 결제 필수"", ""[오인유도] 무료 증정으로 오해 소지"", ""[과장표현] 퍼준다는 식의 사행성 문구""]}",,https://i.ytimg.com/vi/xjn_5CYYnrY/hqdefault.jpg,리X클래스 아이패드 진실ㄷㄷ,1771143487,15791800
kvaNsVoXP7w,5,,1770565710,95,,,/Users/dohyeonkim/Documents/Documents - MacBook Pro dk/00_Projects/스프린트/sprint_backend/Extraction_kvaNsVoXP7w,,,,
deEJlL4fOnQ,5,쥬캔버스 JOOCANVAS,,95,2025-08-15T12:26:45Z,"{""summary"": ""청금석을 이용한 전통 안료 제조 공정을 역사적 사실에 기반하여 정확히 재현함."", ""patent_check"": null, ""consultation"": ""역사적 사실과 과학적 원리에 부합하는 교육적 콘텐츠입니다. 제공된 정보에 왜곡이나 과장이 발견되지 않습니다."", ""reliability_level"": ""안전"", ""evidence"": [{""url"": null, ""source"": ""미술사 및 광물학 사전"", ""fact"": ""청금석(Lapis Lazuli)은 천연 울트라마린의 원료이며, 중세 유럽에서 금보다 비싸게 거래된 역사적 사실이 존재함.""}, {""url"": null, ""source"": ""안료 제조 공정 기록"", ""fact"": ""방해석과 황철석을 제거하고 수비(水飛) 과정을 거쳐 안료를 정제하는 방식은 전통적인 안료 제작법과 일치함.""}], ""issues"": [""없음""]}",/Users/dohyeonkim/Documents/Documents - MacBook Pro dk/00_Projects/스프린트/sprint_backend/Extraction_deEJlL4fOnQ,https://i.ytimg.com/vi/deEJlL4fOnQ/hqdefault.jpg,90시간 걸렸음😇,1770568567,8815845
zLqHtt9SWW0,,유용한정보,,,2026-02-06T02:54:53Z,"{""summary"": ""비과학적 성인 키 성장 주장 및 해부학적으로 불가능한 신체 변화를 확언하여 매우 위험합니다."", ""patent_check"": null, ""consultation"": ""성인의 키 성장을 보장하거나 비과학적 신체 변화를 주장하는 광고는 전형적인 기만 수법이므로 주의가 필요합니다."", ""reliability_level"": ""위험"", ""evidence"": [{""url"": null, ""source"": ""의학 및 생리학 일반 원리"", ""fact"": ""성장판이 닫힌 성인의 키가 자연적으로 4~8cm 커지는 것은 의학적으로 불가능하며, 뼈세포가 특정 부위로 몰려 골격이 변한다는 주장은 근거가 없습니다.""}, {""url"": null, ""source"": ""식약처 및 성분 정보"", ""fact"": ""오르니틴은 아미노산의 일종으로 운동 보조 등에 쓰이나, 닫힌 성장판을 재활성화하여 신장을 키운다는 임상적 근거는 확인되지 않습니다.""}], ""issues"": [""[의학적과장] 성인 키 성장 가능 주장"", ""[비과학적] 뼈세포 이동 어깨 확장설"", ""[허위권위] 확인 불가 의대 교수 인용""]}",,https://i.ytimg.com/vi/zLqHtt9SWW0/hqdefault.jpg,꼴랑 gg.mp4,1771132400,191403
q5vM2ACplkw,,교보생명,,,2026-02-03T09:03:50Z,"{""summary"": ""[일상 대화]이며, 상업적 효능 주장이나 기만적 요소가 없어 안전한 콘텐츠입니다."", ""patent_check"": null, ""consultation"": ""상업적 광고나 기만적 주장이 없는 단순 인터뷰/토크 콘텐츠이므로 안심하고 시청하셔도 됩니다."", ""reliability_level"": ""안전"", ""evidence"": [{""url"": null, ""source"": ""광고 스크립트 분석"", ""fact"": ""해리포터 팬픽션 집필 등 개인적 일화에 대한 대화이며, 제품의 효능이나 특허를 주장하는 상업적 내용이 포함되지 않았습니다.""}], ""issues"": [""[정보 제공] 개인의 과거 창작 경험 공유"", ""[검증 불가] 주관적 감상 및 소회 위주의 내용""]}",,https://i.ytimg.com/vi/q5vM2ACplkw/hqdefault.jpg,해리포터 다음 편은 저 개인의 것입니다 🧙‍♂️ ㅣ 책을읽장 4화,1771156318,271497
LzO0T_m9fuY,,Video ad upload channel for 184-122-6449,,,2025-12-30T21:38:11Z,"{""summary"": ""자체 AI 진단 기반의 통계 수치를 활용한 광고이며, 허위 사실이나 위법한 기만 행위는 발견되지 않습니다."", ""patent_check"": null, ""consultation"": ""자체 진단 도구에 기반한 수치이므로 객관적 공인 지표와는 차이가 있을 수 있습니다. 무료 체험을 통해 학습 효과를 직접 확인하십시오."", ""reliability_level"": ""안전"", ""evidence"": [{""url"": ""https://www.sayvoca.com/"", ""source"": ""말해보카(이팝소프트) 서비스 소개"", ""fact"": ""AI 기반 어휘량 측정 및 망각 곡선 이론을 적용한 간격 반복 학습 시스템을 공식적으로 제공하고 있습니다.""}, {""url"": null, ""source"": ""구글 검색 및 앱 스토어 정보"", ""fact"": ""광고의 '상위 5.18%' 수치는 앱 내 어휘력 테스트 결과 화면이며, 이는 서비스 이용자 데이터 기반의 상대적 지표입니다.""}], ""issues"": [""[과장표현] 초보자의 극적 변화 강조"", ""[내부지표] 서비스 이용자 내 순위 표시""]}",,https://i.ytimg.com/vi/LzO0T_m9fuY/hqdefault.jpg,Shortened: kr 251226 video influencer dindin noenglish 916,1771142730,175
uRPrZQADMao,,Dermela.official,,,2026-01-28T04:18:26Z,"{""summary"": ""유명 유튜버의 실제 공구 제품이나, 효능에 대한 주관적 과장이 포함되어 있습니다."", ""patent_check"": null, ""consultation"": ""실제 유명 유튜버가 진행한 공구 제품으로 보이나, '모공 소멸'과 같은 극단적 표현은 개인차가 크므로 주의해야 합니다."", ""reliability_level"": ""주의"", ""evidence"": [{""url"": ""https://www.youtube.com/@hyojinc"", ""source"": ""Google 검색 및 유튜브 채널"", ""fact"": ""스크립트의 '100만조'와 '공조들'은 유튜버 '조효진'과 그 팬덤을 의미하며, 성분에디터 앰플 공구 내용과 일치합니다.""}, {""url"": null, ""source"": ""성분에디터 공식 상세페이지"", ""fact"": ""해당 제품은 모공 개선 관련 인체적용시험을 완료했으나, '모공이 안 보인다'는 식의 표현은 개인차가 큽니다.""}], ""issues"": [""주관적 효능 과장"", ""개인차 무시"", ""오타 및 부정확한 명칭""]}",,https://i.ytimg.com/vi/uRPrZQADMao/hqdefault.jpg,더멜라 3세대 스피큘 포어 앰플 7일 사용 후기,1770805009,373089
fUClgEcJ-UE,,성소장 연구소,,,2026-02-23T10:15:03Z,"{""summary"": ""사회적 통계와 현상을 객관적으로 전달하고 있으며, 허위 사실이나 기만적 요소가 발견되지 않아 안전합니다."", ""patent_check"": null, ""consultation"": ""보건복지부 통계 및 실제 사회 현상을 기반으로 제작된 정보성 콘텐츠로 보입니다. 제시된 수치는 공신력 있는 자료에 근거하므로 안심하고 시청하셔도 됩니다."", ""reliability_level"": ""안전"", ""evidence"": [{""url"": ""https://www.mohw.go.kr"", ""source"": ""보건복지부 (2023년 고립·은둔 청년 실태조사)"", ""fact"": ""국내 고립·은둔 청년 규모를 약 54만 명으로 추산하며, 이는 광고의 '50만 명' 주장과 일치합니다.""}, {""url"": null, ""source"": ""청년기본법 및 지자체 조례"", ""fact"": ""법정 청년 기준은 만 19~34세(또는 39세)로, 40세 이후 정책적 소외가 발생한다는 지적은 사실입니다.""}], ""issues"": [""[정보제공] 복지부 은둔 청년 통계 부합"", ""[팩트체크] 청년 지원 정책 연령 한계 반영""]}",,https://i.ytimg.com/vi/fUClgEcJ-UE/hqdefault.jpg,요즘 심각하다는 중년 은둔 ㄷㄷ,1771851884,7200
Sc9wZgUh3Pc,,메리츠 파트너스,,,2026-01-30T08:33:54Z,"{""summary"": ""메리츠화재의 공식 설계사 모집 플랫폼으로 사실입니다."", ""patent_check"": null, ""consultation"": ""실제 수익을 얻으려면 국가 공인 설계사 자격증 시험에 합격해야 하며, 이는 단순 가입보다 난이도가 있습니다."", ""reliability_level"": ""안전"", ""evidence"": [{""url"": ""https://www.meritzfire.com/"", ""source"": ""메리츠화재 공식 채널"", ""fact"": ""메리츠 파트너스는 일반인이 보험설계사 자격을 취득해 활동하는 공식 N잡 플랫폼입니다.""}, {""url"": null, ""source"": ""금융감독원/보험업계 자료"", ""fact"": ""합격 후 설계사 등록 시 본인 보험 가입에 대한 수수료를 본인이 수령하는 것이 가능합니다.""}], ""issues"": [""설계사 자격시험 필요"", ""수당에 따른 세금 발생""]}",,https://i.ytimg.com/vi/Sc9wZgUh3Pc/hqdefault.jpg,"30대 애아빠, 메리츠 파트너스로 이만큼 벌어요",1770804553,9820454
6vFw1eRnZXM,,피부백과,,,2026-01-21T04:42:35Z,"{""summary"": ""의학적 효능 과장과 근거 없는 순위 주장, 심리적 기만 수법이 결합된 위험 등급 광고입니다."", ""patent_check"": null, ""consultation"": ""특정 순위나 '비밀 할인' 같은 자극적인 문구에 현혹되지 마십시오. 화장품은 약품이 아니며, 구매 전 식약처 인증 성분을 반드시 확인해야 합니다."", ""reliability_level"": ""위험"", ""evidence"": [{""url"": ""https://www.mfds.go.kr"", ""source"": ""식품의약품안전처 고시"", ""fact"": ""화장품은 질병의 진단, 치료, 경감, 처치 또는 예방에 효능이 있다는 의학적 주장(트러블 개선 등)을 할 수 없습니다.""}, {""url"": ""https://www.ftc.go.kr"", ""source"": ""공정거래위원회 표시광고법 가이드라인"", ""fact"": ""객관적 근거 없이 '1위', '100만 개 판매' 등 최상급 표현을 사용하거나 심리적 압박(링크 삭제 등)을 가하는 것은 기만적 광고에 해당합니다.""}], ""issues"": [""[의학과장] 염증성 트러블 개선 확언"", ""[근거부족] 올리브영·화해 1위 미확인"", ""[심리기만] 링크 삭제 및 당첨 유도""]}",,https://i.ytimg.com/vi/6vFw1eRnZXM/hqdefault.jpg,260109CCFM청소년,1771054245,49485
cpDu9FRpy7Y,,Tinder Korea,,,2026-02-11T06:35:28Z,"{""summary"": ""서비스 이용을 권유하는 일반적인 브랜드 홍보 광고입니다."", ""patent_check"": null, ""consultation"": ""허위 기술이나 과장된 수치 기반 주장이 포함되지 않은 일반적인 이미지 광고이므로 안심하고 시청하셔도 됩니다."", ""reliability_level"": ""안전"", ""evidence"": [{""url"": ""https://tinder.com"", ""source"": ""Tinder 공식 서비스 정보"", ""fact"": ""틴더는 실제 운영 중인 글로벌 소셜 데이팅 플랫폼으로, 광고 내용은 서비스의 본래 목적과 일치합니다.""}], ""issues"": [""검증 대상 주장 없음""]}",,https://i.ytimg.com/vi/cpDu9FRpy7Y/hqdefault.jpg,올해는 틴더로 솔로 탈출해 봐🧚 #틴더 #tinder #틴더타로 #틴더2026,1771046957,122229
Sv2DG8PJPNU,,엄마를 위한 지식,,,2026-01-23T06:40:59Z,"{""summary"": ""식약처 미인증 원료를 사용한 허위 기능성 주장 및 부모의 공포심을 자극하는 기만 광고입니다."", ""patent_check"": null, ""consultation"": ""식약처가 인정한 키 성장 원료가 아니며, 공포 마케팅을 사용하는 전형적인 과대광고입니다. 구매 전 식약처 인증 마크를 반드시 확인하십시오."", ""reliability_level"": ""위험"", ""evidence"": [{""url"": ""https://www.foodsafetykorea.go.kr"", ""source"": ""식품의약품안전처"", ""fact"": ""현재 식약처가 인정한 어린이 키 성장 기능성 원료는 '황기추출물 등 복합물(HT042)'이 유일하며, IGF1 성분은 해당되지 않습니다.""}, {""url"": null, ""source"": ""식약처 허위·과대광고 가이드라인"", ""fact"": ""건강기능식품을 의약품(성장호르몬 주사)과 비교하며 부작용을 언급하거나 치료 효과가 있는 것처럼 오인하게 하는 광고는 명백한 불법입니다.""}], ""issues"": [""[허위인증] 식약처 키 성장 기능성 미등록"", ""[의학오인] 주사제와 비교하며 의학적 효능 강조"", ""[기만표현] '국내 유일 독점' 근거 확인 불가"", ""[공포조장] 부모의 죄책감을 유발하는 마케팅""]}",,https://i.ytimg.com/vi/Sv2DG8PJPNU/hqdefault.jpg,유럽에선 이걸 먼저 챙긴대요,1771670898,407835
XjimNA_71nA,,스완SWAN_현실남자관리,,,2025-02-12T10:59:16Z,"{""summary"": ""인플루언서 공동 개발 제품으로, 주관적 표현이 포함되어 있으나 제도권 내 화장품 및 의약외품 범주를 준수하고 있습니다."", ""patent_check"": null, ""consultation"": ""브랜드와 유튜버가 협업한 일반적인 공구 광고입니다. 의약외품인 연고와 일반 화장품인 앰플의 용도를 구분하여 사용하시기 바랍니다."", ""reliability_level"": ""안전"", ""evidence"": [{""url"": ""https://nedrug.mfds.go.kr/"", ""source"": ""식약처 의약품안전나라"", ""fact"": ""마일드랩 센텔라스카연고는 식약처 허가를 받은 '의약외품'으로, 상처 및 피부궤양 보조적 부분 치료 효능 표기가 가능합니다.""}, {""url"": null, ""source"": ""식약처 화장품 광고 가이드"", ""fact"": ""미백 기능성 성분(트라넥사믹애씨드 등)을 함유한 화장품의 경우 '색소침착 완화' 및 '멜라닌 억제' 표현은 허용 범위 내에 있습니다.""}], ""issues"": [""[주관적확언] 효과 확실 등 주관적 효능 강조"", ""[최상급표현] 자극 가장 적은 등 비교 근거 미비"", ""[오인우려] 일반 화장품과 의약외품 혼용 설명""]}",,https://i.ytimg.com/vi/XjimNA_71nA/hqdefault.jpg,"2년동안 쓰고 있는 여드름 흔적, 붉은기, 색소침착 필수템🔥 마지막일지 모르는 56% 할인 뜯어왔습니다 [The 막 안 사는남자들]",1771132673,108715
4wbFDpvmNaE,,흑백리뷰,,,2026-01-29T08:00:06Z,"{""summary"": ""[정보 일치] 실제 판매 중인 메뉴의 구성, 가격, 중량 정보가 공식 자료와 일치하여 안전합니다."", ""patent_check"": null, ""consultation"": ""제시된 정보가 사실에 기반한 홍보물입니다. 단, 매장 상황에 따라 중량 및 가격이 소폭 상이할 수 있습니다."", ""reliability_level"": ""안전"", ""evidence"": [{""url"": ""https://www.burgerking.co.kr"", ""source"": ""버거킹 공식 판매 정보"", ""fact"": ""더 크리스퍼(5,700원) 등 광고 내 제시된 메뉴명과 가격이 실제 판매가와 일치함을 확인했습니다.""}, {""url"": null, ""source"": ""식품의약품안전처 영양정보"", ""fact"": ""제시된 중량(약 225g~231g)은 공식 영양성분표상의 중량 범위 내에 포함됩니다.""}], ""issues"": [""[사실확인] 공식 가격 및 리뉴얼 내역 일치"", ""[투명성] 직접 중량 측정 및 성분 공개""]}",,https://i.ytimg.com/vi/4wbFDpvmNaE/hqdefault.jpg,"버거킹이 신상에 실수한 거 같은데... 더 크리스퍼, 직접 먹어보고 충격받았습니다",1771132425,235914
